month,symbol,start,end,days,move_pct,primary,all_patterns
June,AEGISLOG,2026-06-02,2026-06-11,7,20.7,ma_stack_rising,"ma_stack_rising,above_rising_20sma,momentum_roc10>5,hh_hl_uptrend,rs_beats_nifty"
June,KIRLOSENG,2026-06-18,2026-06-22,2,20.5,ma_stack_rising,"ma_stack_rising,near_20d_high,above_rising_20sma,hh_hl_uptrend"
June,BATAINDIA,2026-06-04,2026-06-18,10,20.1,NEWS:earnings/results,
June,IDBI,2026-06-16,2026-06-17,1,17.1,above_rising_20sma,"above_rising_20sma,momentum_roc10>5,hh_hl_uptrend,rs_beats_nifty"
June,FACT,2026-06-02,2026-06-16,10,14.5,ma_stack_rising,"ma_stack_rising,pullback_in_uptrend,hh_hl_uptrend,strong_close,rs_beats_nifty"
June,WELSPUNLIV,2026-06-04,2026-06-18,10,13.0,ma_stack_rising,"ma_stack_rising,near_20d_high,above_rising_20sma,hh_hl_uptrend,rs_beats_nifty"
June,CARTRADE,2026-06-09,2026-06-10,1,12.1,volume_thrust_2x,"volume_thrust_2x,ma_stack_rising,pullback_in_uptrend,near_20d_high,above_rising_20sma,momentum_roc10>5,hh_hl_uptrend,strong_close,rs_beats_nifty"
June,CEMPRO,2026-06-01,2026-06-09,6,12.1,ma_stack_rising,"ma_stack_rising,pullback_in_uptrend,near_20d_high,above_rising_20sma,momentum_roc10>5,hh_hl_uptrend,strong_close,rs_beats_nifty"
June,MEESHO,2026-06-09,2026-06-23,10,12.0,TECHNICAL:near_ma_ambiguous,
June,JYOTICNC,2026-06-08,2026-06-12,4,11.8,TECHNICAL:deep_oversold_bounce,
June,SONATSOFTW,2026-06-02,2026-06-16,10,11.8,volume_thrust_2x,"volume_thrust_2x,ma_stack_rising,pullback_in_uptrend,above_rising_20sma,momentum_roc10>5,hh_hl_uptrend,rs_beats_nifty"
June,THELEELA,2026-06-01,2026-06-15,10,11.8,rs_beats_nifty,rs_beats_nifty
June,FIVESTAR,2026-06-16,2026-06-18,2,11.7,momentum_roc10>5,"momentum_roc10>5,hh_hl_uptrend,rs_beats_nifty"
June,ZENSARTECH,2026-06-18,2026-07-03,10,11.5,TECHNICAL:deep_oversold_bounce,
June,TARIL,2026-06-05,2026-06-19,10,11.4,ma_stack_rising,"ma_stack_rising,pullback_in_uptrend,hh_hl_uptrend,strong_close,rs_beats_nifty"
June,MMTC,2026-06-05,2026-06-16,7,11.3,ma_stack_rising,"ma_stack_rising,above_rising_20sma,momentum_roc10>5,hh_hl_uptrend,rs_beats_nifty"
June,TRITURBINE,2026-06-08,2026-06-22,10,11.1,ma_stack_rising,"ma_stack_rising,above_rising_20sma"
June,SUMICHEM,2026-06-18,2026-07-03,10,11.0,TECHNICAL:near_ma_ambiguous,
June,OLAELEC,2026-06-01,2026-06-03,2,10.7,ma_stack_rising,"ma_stack_rising,above_rising_20sma,momentum_roc10>5,hh_hl_uptrend,rs_beats_nifty"
June,AEGISVOPAK,2026-06-23,2026-07-03,7,10.6,ma_stack_rising,"ma_stack_rising,above_rising_20sma,momentum_roc10>5,hh_hl_uptrend,rs_beats_nifty,stage2_breakout"
June,POLYMED,2026-06-15,2026-06-22,5,10.6,momentum_roc10>5,"momentum_roc10>5,hh_hl_uptrend,rs_beats_nifty"
June,NIACL,2026-06-16,2026-06-18,2,10.5,momentum_roc10>5,"momentum_roc10>5,hh_hl_uptrend,rs_beats_nifty,stage2_breakout"
June,OFSS,2026-06-10,2026-06-24,10,10.5,ma_stack_rising,ma_stack_rising
June,HEXT,2026-06-16,2026-07-01,10,10.4,volume_thrust_2x,volume_thrust_2x
June,M&MFIN,2026-06-16,2026-06-25,7,10.3,hh_hl_uptrend,hh_hl_uptrend
June,MOTILALOFS,2026-06-01,2026-06-15,10,10.3,ma_stack_rising,"ma_stack_rising,hh_hl_uptrend,rs_beats_nifty"
June,DELHIVERY,2026-06-08,2026-06-22,10,10.1,rs_beats_nifty,rs_beats_nifty
June,REDINGTON,2026-06-04,2026-06-18,10,10.1,ma_stack_rising,"ma_stack_rising,pullback_in_uptrend,near_20d_high,above_rising_20sma,momentum_roc10>5,hh_hl_uptrend,rs_beats_nifty"
June,APARINDS,2026-06-11,2026-06-15,2,9.9,volume_thrust_2x,"volume_thrust_2x,ma_stack_rising,pullback_in_uptrend,near_20d_high,above_rising_20sma,momentum_roc10>5,hh_hl_uptrend,rs_beats_nifty"
June,FINCABLES,2026-06-08,2026-06-17,7,9.8,rs_beats_nifty,rs_beats_nifty
June,PGEL,2026-06-02,2026-06-16,10,9.8,hh_hl_uptrend,"hh_hl_uptrend,strong_close,rs_beats_nifty"
June,RHIM,2026-06-01,2026-06-04,3,9.8,volume_thrust_2x,volume_thrust_2x
June,IKS,2026-06-16,2026-07-01,10,9.7,ma_stack_rising,ma_stack_rising
June,TEJASNET,2026-06-05,2026-06-19,10,9.7,ma_stack_rising,"ma_stack_rising,above_rising_20sma,momentum_roc10>5,hh_hl_uptrend,rs_beats_nifty"
June,CARTRADE,2026-06-11,2026-06-17,4,9.6,ma_stack_rising,"ma_stack_rising,above_rising_20sma,momentum_roc10>5,hh_hl_uptrend,rs_beats_nifty"
June,DATAPATTNS,2026-06-10,2026-06-17,5,9.6,ma_stack_rising,"ma_stack_rising,above_rising_20sma,momentum_roc10>5,hh_hl_uptrend,rs_beats_nifty"
June,GODREJPROP,2026-06-17,2026-07-01,9,9.6,above_rising_20sma,"above_rising_20sma,hh_hl_uptrend,strong_close,rs_beats_nifty"
June,OLECTRA,2026-06-04,2026-06-18,10,9.5,volume_thrust_2x,"volume_thrust_2x,ma_stack_rising,above_rising_20sma,momentum_roc10>5,hh_hl_uptrend,rs_beats_nifty"
June,POONAWALLA,2026-06-05,2026-06-19,10,9.5,NEWS:analyst/rating,
June,YESBANK,2026-06-03,2026-06-17,10,9.5,ma_stack_rising,"ma_stack_rising,above_rising_20sma,strong_close,rs_beats_nifty"
June,ANANTRAJ,2026-06-01,2026-06-04,3,9.4,volume_thrust_2x,"volume_thrust_2x,ma_stack_rising,pullback_in_uptrend,above_rising_20sma,momentum_roc10>5,hh_hl_uptrend,rs_beats_nifty"
June,IFCI,2026-06-04,2026-06-15,7,9.3,volume_thrust_2x,"volume_thrust_2x,ma_stack_rising,pullback_in_uptrend,near_20d_high,above_rising_20sma,momentum_roc10>5,hh_hl_uptrend,strong_close,rs_beats_nifty"
June,OLAELEC,2026-06-04,2026-06-09,3,9.3,volume_thrust_2x,"volume_thrust_2x,ma_stack_rising,near_20d_high,above_rising_20sma,momentum_roc10>5,hh_hl_uptrend,rs_beats_nifty"
June,TRENT,2026-06-03,2026-06-17,10,9.3,hh_hl_uptrend,"hh_hl_uptrend,strong_close,rs_beats_nifty"
June,GROWW,2026-06-08,2026-06-15,5,9.2,hh_hl_uptrend,"hh_hl_uptrend,rs_beats_nifty"
June,GVT&D,2026-06-05,2026-06-19,10,9.2,ma_stack_rising,"ma_stack_rising,above_rising_20sma,momentum_roc10>5,hh_hl_uptrend,rs_beats_nifty"
June,PARADEEP,2026-06-18,2026-07-03,10,9.2,ma_stack_rising,"ma_stack_rising,pullback_in_uptrend,near_20d_high,above_rising_20sma,momentum_roc10>5,hh_hl_uptrend,rs_beats_nifty"
June,MSUMI,2026-06-23,2026-06-25,2,9.1,NEWS:earnings/results,
June,RITES,2026-06-22,2026-07-01,6,9.1,near_20d_high,"near_20d_high,above_rising_20sma,hh_hl_uptrend,rs_beats_nifty"
June,ATHERENERG,2026-06-01,2026-06-03,2,9.0,ma_stack_rising,"ma_stack_rising,above_rising_20sma,rs_beats_nifty"
June,ZEEL,2026-06-01,2026-06-04,3,9.0,volume_thrust_2x,"volume_thrust_2x,ma_stack_rising,pullback_in_uptrend,near_20d_high,momentum_roc10>5,hh_hl_uptrend,rs_beats_nifty"
June,ABSLAMC,2026-06-01,2026-06-10,7,8.9,rs_beats_nifty,rs_beats_nifty
June,SHRIRAMFIN,2026-06-01,2026-06-15,10,8.9,NEWS:corp_action,
June,CARTRADE,2026-06-18,2026-07-01,8,8.8,ma_stack_rising,"ma_stack_rising,above_rising_20sma,momentum_roc10>5,hh_hl_uptrend,rs_beats_nifty"
June,GALLANTT,2026-06-16,2026-06-18,2,8.8,hh_hl_uptrend,"hh_hl_uptrend,strong_close"
June,JMFINANCIL,2026-06-01,2026-06-02,1,8.8,volume_thrust_2x,volume_thrust_2x
June,MAXHEALTH,2026-06-09,2026-06-18,7,8.7,hh_hl_uptrend,"hh_hl_uptrend,rs_beats_nifty"
June,PAYTM,2026-06-16,2026-07-01,10,8.6,hh_hl_uptrend,"hh_hl_uptrend,rs_beats_nifty"
June,TMCV,2026-06-01,2026-06-15,10,8.6,rs_beats_nifty,rs_beats_nifty
June,LODHA,2026-06-17,2026-07-01,9,8.5,ma_stack_rising,"ma_stack_rising,above_rising_20sma,hh_hl_uptrend,rs_beats_nifty"
June,CAPLIPOINT,2026-06-10,2026-06-19,7,8.4,volume_thrust_2x,"volume_thrust_2x,ma_stack_rising,pullback_in_uptrend,near_20d_high,above_rising_20sma,momentum_roc10>5,hh_hl_uptrend,rs_beats_nifty"
June,CHOLAFIN,2026-06-15,2026-06-24,7,8.4,base_breakout,"base_breakout,volume_thrust_2x,near_20d_high,momentum_roc10>5,hh_hl_uptrend,strong_close,rs_beats_nifty"
June,PRESTIGE,2026-06-01,2026-06-15,10,8.4,hh_hl_uptrend,"hh_hl_uptrend,rs_beats_nifty"
June,SCHNEIDER,2026-06-03,2026-06-15,8,8.4,NEWS:earnings/results,
June,AADHARHFC,2026-06-22,2026-07-02,7,8.2,ma_stack_rising,"ma_stack_rising,above_rising_20sma,momentum_roc10>5,hh_hl_uptrend,rs_beats_nifty,stage2_breakout"
June,CARTRADE,2026-06-04,2026-06-08,2,8.2,above_rising_20sma,"above_rising_20sma,hh_hl_uptrend,rs_beats_nifty"
June,TATACAP,2026-06-16,2026-06-19,3,8.2,volume_thrust_2x,"volume_thrust_2x,near_20d_high,above_rising_20sma,momentum_roc10>5,hh_hl_uptrend,rs_beats_nifty"
June,TATACOMM,2026-06-08,2026-06-22,10,8.2,ma_stack_rising,"ma_stack_rising,above_rising_20sma"
June,TEJASNET,2026-06-01,2026-06-03,2,8.2,ma_stack_rising,"ma_stack_rising,pullback_in_uptrend,above_rising_20sma,momentum_roc10>5,hh_hl_uptrend,rs_beats_nifty"
June,AJANTPHARM,2026-06-12,2026-06-29,10,8.1,ma_stack_rising,"ma_stack_rising,momentum_roc10>5,hh_hl_uptrend,rs_beats_nifty"
June,CEATLTD,2026-06-01,2026-06-15,10,8.1,rs_beats_nifty,rs_beats_nifty
June,GRSE,2026-06-03,2026-06-17,10,8.1,NEWS:litigation/penalty,
June,KALYANKJIL,2026-06-08,2026-06-15,5,8.1,hh_hl_uptrend,"hh_hl_uptrend,rs_beats_nifty"
June,LTF,2026-06-01,2026-06-15,10,8.1,NEWS:earnings/results,
June,AEGISLOG,2026-06-23,2026-06-25,2,8.0,ma_stack_rising,"ma_stack_rising,above_rising_20sma,momentum_roc10>5,hh_hl_uptrend,rs_beats_nifty"
June,EXIDEIND,2026-06-17,2026-07-02,10,8.0,ma_stack_rising,"ma_stack_rising,above_rising_20sma"
June,IPCALAB,2026-06-15,2026-06-30,10,8.0,ma_stack_rising,"ma_stack_rising,momentum_roc10>5,rs_beats_nifty,stage2_breakout"
June,PARADEEP,2026-06-02,2026-06-16,10,8.0,strong_close,"strong_close,rs_beats_nifty"
June,PHOENIXLTD,2026-06-16,2026-07-01,10,8.0,volume_thrust_2x,"volume_thrust_2x,ma_stack_rising,pullback_in_uptrend,near_20d_high,above_rising_20sma,momentum_roc10>5,hh_hl_uptrend,rs_beats_nifty"
June,UNITDSPR,2026-06-04,2026-06-18,10,8.0,NEWS:analyst/rating,
June,BERGEPAINT,2026-06-16,2026-06-19,3,7.9,ma_stack_rising,"ma_stack_rising,hh_hl_uptrend"
June,HONASA,2026-06-12,2026-06-29,10,7.9,ma_stack_rising,"ma_stack_rising,above_rising_20sma,hh_hl_uptrend,rs_beats_nifty"
June,LICI,2026-06-04,2026-06-18,10,7.9,rs_beats_nifty,rs_beats_nifty
June,MRPL,2026-06-04,2026-06-15,7,7.9,momentum_roc10>5,"momentum_roc10>5,hh_hl_uptrend,rs_beats_nifty"
June,POLYMED,2026-06-05,2026-06-12,5,7.9,strong_close,strong_close
June,THELEELA,2026-06-16,2026-06-19,3,7.9,volume_thrust_2x,"volume_thrust_2x,ma_stack_rising,above_rising_20sma,momentum_roc10>5,hh_hl_uptrend,rs_beats_nifty"
June,CPPLUS,2026-06-01,2026-06-03,2,7.8,volume_thrust_2x,"volume_thrust_2x,ma_stack_rising,pullback_in_uptrend,near_20d_high,above_rising_20sma,momentum_roc10>5,hh_hl_uptrend,rs_beats_nifty,gap_up"
June,GLAND,2026-06-25,2026-06-30,2,7.8,ma_stack_rising,"ma_stack_rising,hh_hl_uptrend"
June,GLAXO,2026-06-05,2026-06-19,10,7.8,NEWS:earnings/results,
June,HINDPETRO,2026-06-08,2026-06-15,5,7.8,NEWS:order/contract win,
June,IOB,2026-06-03,2026-06-17,10,7.8,strong_close,strong_close
June,MANKIND,2026-06-08,2026-06-22,10,7.7,strong_close,strong_close
June,BLUEJET,2026-06-16,2026-07-01,10,7.6,ma_stack_rising,"ma_stack_rising,pullback_in_uptrend,above_rising_20sma,momentum_roc10>5,hh_hl_uptrend,rs_beats_nifty"
June,CREDITACC,2026-06-17,2026-07-02,10,7.6,ma_stack_rising,"ma_stack_rising,pullback_in_uptrend,near_20d_high,above_rising_20sma,momentum_roc10>5,hh_hl_uptrend,strong_close,rs_beats_nifty,stage2_breakout"
June,POONAWALLA,2026-06-22,2026-07-02,7,7.6,above_rising_20sma,"above_rising_20sma,momentum_roc10>5,hh_hl_uptrend,rs_beats_nifty"
June,SAMMAANCAP,2026-06-11,2026-06-15,2,7.6,ma_stack_rising,"ma_stack_rising,above_rising_20sma,rs_beats_nifty"
June,WELCORP,2026-06-22,2026-06-29,4,7.6,ma_stack_rising,"ma_stack_rising,above_rising_20sma,hh_hl_uptrend,rs_beats_nifty"
June,ANANDRATHI,2026-06-22,2026-07-03,8,7.5,ma_stack_rising,"ma_stack_rising,pullback_in_uptrend,near_20d_high,above_rising_20sma,momentum_roc10>5,hh_hl_uptrend,rs_beats_nifty"
June,APOLLOTYRE,2026-06-01,2026-06-15,10,7.5,NO_NEWS_FOUND,
June,CONCORDBIO,2026-06-04,2026-06-10,4,7.5,ma_stack_rising,"ma_stack_rising,pullback_in_uptrend,momentum_roc10>5,hh_hl_uptrend,strong_close,rs_beats_nifty"
June,ECLERX,2026-06-23,2026-07-03,7,7.5,NEWS:analyst/rating,
June,EMAMILTD,2026-06-05,2026-06-19,10,7.5,NEWS:earnings/results,
June,FORCEMOT,2026-06-23,2026-07-02,6,7.5,NEWS:earnings/results,
June,KPRMILL,2026-06-04,2026-06-18,10,7.5,volume_thrust_2x,"volume_thrust_2x,ma_stack_rising,pullback_in_uptrend,near_20d_high,above_rising_20sma,momentum_roc10>5,hh_hl_uptrend,rs_beats_nifty"
June,SONACOMS,2026-06-23,2026-07-02,6,7.5,ma_stack_rising,"ma_stack_rising,above_rising_20sma,hh_hl_uptrend"
June,SPLPETRO,2026-06-05,2026-06-19,10,7.5,hh_hl_uptrend,"hh_hl_uptrend,rs_beats_nifty"
June,STARHEALTH,2026-06-04,2026-06-18,10,7.5,ma_stack_rising,"ma_stack_rising,pullback_in_uptrend,above_rising_20sma,hh_hl_uptrend,rs_beats_nifty"
June,ABREL,2026-06-17,2026-07-01,9,7.4,hh_hl_uptrend,"hh_hl_uptrend,rs_beats_nifty"
June,CHENNPETRO,2026-06-02,2026-06-09,5,7.4,ma_stack_rising,"ma_stack_rising,pullback_in_uptrend,near_20d_high,momentum_roc10>5,hh_hl_uptrend,strong_close,rs_beats_nifty"
June,CROMPTON,2026-06-08,2026-06-17,7,7.4,NO_NEWS_FOUND,
June,EICHERMOT,2026-06-01,2026-06-15,10,7.4,hh_hl_uptrend,"hh_hl_uptrend,rs_beats_nifty"
June,MAXHEALTH,2026-06-01,2026-06-08,5,7.4,NEWS:earnings/results,
June,NIACL,2026-06-02,2026-06-15,9,7.4,TECHNICAL:near_ma_ambiguous,
June,ZYDUSWELL,2026-06-23,2026-06-29,3,7.4,ma_stack_rising,"ma_stack_rising,above_rising_20sma,hh_hl_uptrend,rs_beats_nifty"
June,ABSLAMC,2026-06-11,2026-06-15,2,7.3,ma_stack_rising,"ma_stack_rising,above_rising_20sma,hh_hl_uptrend,rs_beats_nifty"
June,BLUESTARCO,2026-06-03,2026-06-17,10,7.3,strong_close,strong_close
June,FORCEMOT,2026-06-08,2026-06-15,5,7.3,TECHNICAL:deep_oversold_bounce,
June,KFINTECH,2026-06-03,2026-06-17,10,7.3,hh_hl_uptrend,"hh_hl_uptrend,rs_beats_nifty"
June,KIRLOSENG,2026-06-08,2026-06-17,7,7.3,ma_stack_rising,"ma_stack_rising,above_rising_20sma,momentum_roc10>5,rs_beats_nifty"
June,PINELABS,2026-06-10,2026-06-24,10,7.3,momentum_roc10>5,"momentum_roc10>5,hh_hl_uptrend,rs_beats_nifty"
June,SCHAEFFLER,2026-06-05,2026-06-19,10,7.3,TECHNICAL:near_ma_ambiguous,
June,SCHNEIDER,2026-06-18,2026-06-22,2,7.3,momentum_roc10>5,"momentum_roc10>5,hh_hl_uptrend,strong_close,rs_beats_nifty"
June,SOLARINDS,2026-06-25,2026-06-30,2,7.3,ma_stack_rising,ma_stack_rising
June,TORNTPHARM,2026-06-18,2026-07-03,10,7.3,ma_stack_rising,"ma_stack_rising,hh_hl_uptrend"
June,ABDL,2026-06-08,2026-06-11,3,7.2,ma_stack_rising,"ma_stack_rising,above_rising_20sma,momentum_roc10>5,hh_hl_uptrend,rs_beats_nifty"
June,BBTC,2026-06-08,2026-06-22,10,7.2,NO_NEWS_FOUND,
June,BDL,2026-06-18,2026-06-22,2,7.2,momentum_roc10>5,"momentum_roc10>5,hh_hl_uptrend,rs_beats_nifty"
June,DEEPAKFERT,2026-06-10,2026-06-22,8,7.2,ma_stack_rising,"ma_stack_rising,above_rising_20sma,hh_hl_uptrend,rs_beats_nifty"
June,EIHOTEL,2026-06-01,2026-06-15,10,7.2,NEWS:earnings/results,
June,INOXWIND,2026-06-01,2026-06-15,10,7.2,volume_thrust_2x,volume_thrust_2x
June,JKTYRE,2026-06-29,2026-07-02,3,7.2,above_rising_20sma,"above_rising_20sma,rs_beats_nifty"
June,NEWGEN,2026-06-11,2026-06-17,4,7.2,rs_beats_nifty,rs_beats_nifty
June,SCHNEIDER,2026-06-16,2026-06-17,1,7.2,hh_hl_uptrend,hh_hl_uptrend
June,AMBER,2026-06-11,2026-06-16,3,7.1,rs_beats_nifty,rs_beats_nifty
June,BHEL,2026-06-05,2026-06-19,10,7.1,ma_stack_rising,ma_stack_rising
June,CEMPRO,2026-06-22,2026-07-01,6,7.1,ma_stack_rising,"ma_stack_rising,near_20d_high,above_rising_20sma,momentum_roc10>5,hh_hl_uptrend,strong_close,rs_beats_nifty"
June,GAIL,2026-06-01,2026-06-15,10,7.1,ma_stack_rising,"ma_stack_rising,above_rising_20sma,hh_hl_uptrend,rs_beats_nifty"
June,JYOTICNC,2026-06-15,2026-06-19,4,7.1,momentum_roc10>5,"momentum_roc10>5,hh_hl_uptrend,rs_beats_nifty"
June,MINDACORP,2026-06-01,2026-06-15,10,7.1,ma_stack_rising,"ma_stack_rising,above_rising_20sma,momentum_roc10>5,hh_hl_uptrend,rs_beats_nifty,stage2_breakout"
June,PIRAMALFIN,2026-06-15,2026-06-19,4,7.1,ma_stack_rising,"ma_stack_rising,above_rising_20sma,hh_hl_uptrend,rs_beats_nifty"
June,UCOBANK,2026-06-16,2026-06-17,1,7.1,near_20d_high,"near_20d_high,above_rising_20sma,momentum_roc10>5,hh_hl_uptrend,rs_beats_nifty"
June,ABREL,2026-06-02,2026-06-16,10,7.0,NO_NEWS_FOUND,
June,BHARATFORG,2026-06-16,2026-06-23,5,7.0,ma_stack_rising,"ma_stack_rising,near_20d_high,above_rising_20sma,momentum_roc10>5,hh_hl_uptrend,rs_beats_nifty"
June,CREDITACC,2026-06-02,2026-06-16,10,7.0,hh_hl_uptrend,"hh_hl_uptrend,rs_beats_nifty"
June,GVT&D,2026-06-01,2026-06-04,3,7.0,ma_stack_rising,"ma_stack_rising,above_rising_20sma,momentum_roc10>5,rs_beats_nifty"
June,JBMA,2026-06-05,2026-06-19,10,7.0,ma_stack_rising,"ma_stack_rising,above_rising_20sma,momentum_roc10>5,hh_hl_uptrend,rs_beats_nifty"
June,JSWINFRA,2026-06-15,2026-06-23,6,7.0,ma_stack_rising,"ma_stack_rising,near_20d_high,above_rising_20sma,momentum_roc10>5,hh_hl_uptrend,rs_beats_nifty"
June,TATAINVEST,2026-06-08,2026-06-18,8,7.0,TECHNICAL:near_ma_ambiguous,
June,AEGISLOG,2026-06-29,2026-07-01,2,6.9,ma_stack_rising,"ma_stack_rising,near_20d_high,above_rising_20sma,momentum_roc10>5,hh_hl_uptrend,strong_close,rs_beats_nifty"
June,AMBUJACEM,2026-06-23,2026-07-03,7,6.9,NO_NEWS_FOUND,
June,CHALET,2026-06-08,2026-06-19,9,6.9,NO_NEWS_FOUND,
June,FINCABLES,2026-06-01,2026-06-05,4,6.9,volume_thrust_2x,"volume_thrust_2x,ma_stack_rising"
June,KOTAKBANK,2026-06-01,2026-06-12,9,6.9,NEWS:analyst/rating,
June,LAURUSLABS,2026-06-10,2026-06-23,9,6.9,ma_stack_rising,"ma_stack_rising,above_rising_20sma,hh_hl_uptrend,rs_beats_nifty"
June,PRESTIGE,2026-06-16,2026-07-01,10,6.9,ma_stack_rising,"ma_stack_rising,pullback_in_uptrend,near_20d_high,above_rising_20sma,momentum_roc10>5,hh_hl_uptrend,strong_close,rs_beats_nifty"
June,SCHNEIDER,2026-06-30,2026-07-02,2,6.9,ma_stack_rising,"ma_stack_rising,above_rising_20sma,momentum_roc10>5,hh_hl_uptrend,rs_beats_nifty"
June,TENNIND,2026-06-11,2026-06-23,8,6.9,TECHNICAL:near_ma_ambiguous,
June,UNOMINDA,2026-06-08,2026-06-15,5,6.9,NO_NEWS_FOUND,
June,UPL,2026-06-29,2026-07-03,4,6.9,volume_thrust_2x,volume_thrust_2x
June,VTL,2026-06-08,2026-06-18,8,6.9,ma_stack_rising,"ma_stack_rising,above_rising_20sma,hh_hl_uptrend,rs_beats_nifty"
June,CLEAN,2026-06-08,2026-06-22,10,6.8,rs_beats_nifty,rs_beats_nifty
June,FLUOROCHEM,2026-06-04,2026-06-18,10,6.8,NEWS:earnings/results,
June,JSL,2026-06-03,2026-06-17,10,6.8,NEWS:analyst/rating,
June,NETWEB,2026-06-01,2026-06-04,3,6.8,volume_thrust_2x,"volume_thrust_2x,ma_stack_rising,above_rising_20sma,momentum_roc10>5,hh_hl_uptrend,rs_beats_nifty"
June,SWANCORP,2026-06-08,2026-06-22,10,6.8,TECHNICAL:deep_oversold_bounce,
June,TECHNOE,2026-06-04,2026-06-15,7,6.8,SECTOR_PEER_MOVE,
June,THERMAX,2026-06-23,2026-06-29,3,6.8,ma_stack_rising,"ma_stack_rising,above_rising_20sma,hh_hl_uptrend"
June,TTML,2026-06-08,2026-06-12,4,6.8,ma_stack_rising,"ma_stack_rising,above_rising_20sma,hh_hl_uptrend,rs_beats_nifty"
June,AIAENG,2026-06-08,2026-06-22,10,6.7,ma_stack_rising,"ma_stack_rising,above_rising_20sma,momentum_roc10>5,hh_hl_uptrend,rs_beats_nifty"
June,AUBANK,2026-06-01,2026-06-15,10,6.7,TECHNICAL:near_ma_ambiguous,
June,BAJAJFINSV,2026-06-08,2026-06-16,6,6.7,NEWS:corp_action,
June,BALRAMCHIN,2026-06-19,2026-07-02,8,6.7,ma_stack_rising,ma_stack_rising
June,BDL,2026-06-03,2026-06-17,10,6.7,strong_close,strong_close
June,ENDURANCE,2026-06-08,2026-06-22,10,6.7,NO_NEWS_FOUND,
June,IDBI,2026-06-01,2026-06-15,10,6.7,rs_beats_nifty,rs_beats_nifty
June,INDIGO,2026-06-15,2026-06-24,7,6.7,base_breakout,"base_breakout,volume_thrust_2x,ma_stack_rising,pullback_in_uptrend,near_20d_high,above_rising_20sma,momentum_roc10>5,hh_hl_uptrend,rs_beats_nifty"
June,LODHA,2026-06-03,2026-06-16,9,6.7,ma_stack_rising,ma_stack_rising
June,MFSL,2026-06-04,2026-06-18,10,6.7,strong_close,strong_close
June,NUVAMA,2026-06-01,2026-06-15,10,6.7,ma_stack_rising,"ma_stack_rising,above_rising_20sma,momentum_roc10>5,hh_hl_uptrend,rs_beats_nifty"
June,RKFORGE,2026-06-03,2026-06-12,7,6.7,TECHNICAL:near_ma_ambiguous,
June,SHREECEM,2026-06-19,2026-07-03,9,6.7,above_rising_20sma,"above_rising_20sma,hh_hl_uptrend,rs_beats_nifty"
June,TITAGARH,2026-06-05,2026-06-16,7,6.7,ma_stack_rising,"ma_stack_rising,above_rising_20sma,momentum_roc10>5,hh_hl_uptrend,rs_beats_nifty"
June,TRIDENT,2026-06-04,2026-06-18,10,6.7,hh_hl_uptrend,"hh_hl_uptrend,rs_beats_nifty"
June,ACMESOLAR,2026-06-10,2026-06-24,10,6.6,ma_stack_rising,"ma_stack_rising,above_rising_20sma,momentum_roc10>5,hh_hl_uptrend,rs_beats_nifty"
June,ADANIGREEN,2026-06-11,2026-06-22,7,6.6,ma_stack_rising,"ma_stack_rising,above_rising_20sma,rs_beats_nifty"
June,AEGISLOG,2026-06-12,2026-06-17,3,6.6,volume_thrust_2x,"volume_thrust_2x,ma_stack_rising,above_rising_20sma,momentum_roc10>5,hh_hl_uptrend,rs_beats_nifty,gap_up"
June,ANANTRAJ,2026-06-19,2026-07-03,9,6.6,ma_stack_rising,ma_stack_rising
June,COCHINSHIP,2026-06-08,2026-06-17,7,6.6,NO_NEWS_FOUND,
June,DELHIVERY,2026-06-23,2026-07-01,5,6.6,ma_stack_rising,"ma_stack_rising,above_rising_20sma,momentum_roc10>5,hh_hl_uptrend,rs_beats_nifty"
June,HFCL,2026-06-05,2026-06-18,9,6.6,ma_stack_rising,"ma_stack_rising,above_rising_20sma,momentum_roc10>5,hh_hl_uptrend,rs_beats_nifty"
June,MARUTI,2026-06-01,2026-06-15,10,6.6,NO_NEWS_FOUND,
June,MOTHERSON,2026-06-08,2026-06-15,5,6.6,ma_stack_rising,"ma_stack_rising,above_rising_20sma,rs_beats_nifty"
June,MUTHOOTFIN,2026-06-08,2026-06-15,5,6.6,TECHNICAL:deep_oversold_bounce,
June,NAVINFLUOR,2026-06-05,2026-06-19,10,6.6,ma_stack_rising,"ma_stack_rising,rs_beats_nifty"
June,NUVAMA,2026-06-29,2026-07-03,4,6.6,ma_stack_rising,"ma_stack_rising,near_20d_high,above_rising_20sma,momentum_roc10>5,hh_hl_uptrend,strong_close,rs_beats_nifty"
June,PERSISTENT,2026-06-29,2026-07-02,3,6.6,volume_thrust_2x,volume_thrust_2x
June,PFC,2026-06-11,2026-06-22,7,6.6,TECHNICAL:near_ma_ambiguous,
June,PWL,2026-06-24,2026-07-02,5,6.6,ma_stack_rising,"ma_stack_rising,above_rising_20sma,momentum_roc10>5,hh_hl_uptrend,rs_beats_nifty"
June,RRKABEL,2026-06-08,2026-06-18,8,6.6,ma_stack_rising,"ma_stack_rising,above_rising_20sma,momentum_roc10>5,hh_hl_uptrend,rs_beats_nifty"
June,SWIGGY,2026-06-08,2026-06-15,5,6.6,TECHNICAL:deep_oversold_bounce,
June,ANANDRATHI,2026-06-05,2026-06-19,10,6.5,NEWS:corp_action,
June,APTUS,2026-06-16,2026-07-01,10,6.5,ma_stack_rising,"ma_stack_rising,hh_hl_uptrend,rs_beats_nifty"
June,CEMPRO,2026-06-11,2026-06-19,6,6.5,ma_stack_rising,"ma_stack_rising,above_rising_20sma,momentum_roc10>5,hh_hl_uptrend,rs_beats_nifty"
June,COROMANDEL,2026-06-11,2026-06-15,2,6.5,hh_hl_uptrend,"hh_hl_uptrend,rs_beats_nifty"
June,ENGINERSIN,2026-06-05,2026-06-18,9,6.5,hh_hl_uptrend,"hh_hl_uptrend,rs_beats_nifty"
June,JYOTICNC,2026-06-22,2026-06-24,2,6.5,above_rising_20sma,"above_rising_20sma,momentum_roc10>5,hh_hl_uptrend,rs_beats_nifty"
June,LGEINDIA,2026-06-04,2026-06-18,10,6.5,rs_beats_nifty,rs_beats_nifty
June,MRF,2026-06-29,2026-07-02,3,6.5,volume_thrust_2x,volume_thrust_2x
June,NIVABUPA,2026-06-04,2026-06-18,10,6.5,ma_stack_rising,"ma_stack_rising,rs_beats_nifty"
June,OBEROIRLTY,2026-06-08,2026-06-16,6,6.5,NEWS:earnings/results,
June,OBEROIRLTY,2026-06-17,2026-07-01,9,6.5,ma_stack_rising,"ma_stack_rising,pullback_in_uptrend,above_rising_20sma,hh_hl_uptrend,strong_close,rs_beats_nifty"
June,URBANCO,2026-06-15,2026-06-22,5,6.5,near_20d_high,"near_20d_high,above_rising_20sma,momentum_roc10>5,hh_hl_uptrend,rs_beats_nifty"
June,3MINDIA,2026-06-19,2026-07-03,9,6.4,above_rising_20sma,"above_rising_20sma,hh_hl_uptrend,rs_beats_nifty"
June,CRAFTSMAN,2026-06-01,2026-06-15,10,6.4,ma_stack_rising,"ma_stack_rising,above_rising_20sma,hh_hl_uptrend,rs_beats_nifty"
June,ETERNAL,2026-06-08,2026-06-19,9,6.4,hh_hl_uptrend,"hh_hl_uptrend,rs_beats_nifty"
June,HAL,2026-06-04,2026-06-17,9,6.4,NO_NEWS_FOUND,
June,HBLENGINE,2026-06-08,2026-06-19,9,6.4,rs_beats_nifty,rs_beats_nifty
June,J&KBANK,2026-06-30,2026-07-02,2,6.4,ma_stack_rising,ma_stack_rising
June,LINDEINDIA,2026-06-05,2026-06-19,10,6.4,NEWS:earnings/results,
June,MEDANTA,2026-06-08,2026-06-22,10,6.4,ma_stack_rising,"ma_stack_rising,rs_beats_nifty"
June,NHPC,2026-06-08,2026-06-22,10,6.4,NEWS:m&a/stake/block_deal,
June,THERMAX,2026-06-11,2026-06-22,7,6.4,ma_stack_rising,"ma_stack_rising,rs_beats_nifty"
June,AEGISVOPAK,2026-06-15,2026-06-22,5,6.3,volume_thrust_2x,"volume_thrust_2x,ma_stack_rising,pullback_in_uptrend,near_20d_high,above_rising_20sma,momentum_roc10>5,hh_hl_uptrend,strong_close,rs_beats_nifty,gap_up"
June,APOLLOTYRE,2026-06-17,2026-07-02,10,6.3,volume_thrust_2x,"volume_thrust_2x,near_20d_high,above_rising_20sma,momentum_roc10>5,hh_hl_uptrend,rs_beats_nifty"
June,BHARTIARTL,2026-06-05,2026-06-19,10,6.3,NEWS:litigation/penalty,
June,CGCL,2026-06-15,2026-06-30,10,6.3,base_breakout,"base_breakout,ma_stack_rising,pullback_in_uptrend,near_20d_high,above_rising_20sma,momentum_roc10>5,hh_hl_uptrend,rs_beats_nifty"
June,CGPOWER,2026-06-03,2026-06-17,10,6.3,ma_stack_rising,"ma_stack_rising,above_rising_20sma,momentum_roc10>5,hh_hl_uptrend,rs_beats_nifty"
June,COROMANDEL,2026-06-29,2026-07-03,4,6.3,volume_thrust_2x,"volume_thrust_2x,above_rising_20sma"
June,CPPLUS,2026-06-08,2026-06-19,9,6.3,ma_stack_rising,"ma_stack_rising,above_rising_20sma,momentum_roc10>5,hh_hl_uptrend,rs_beats_nifty"
June,EMCURE,2026-06-10,2026-06-24,10,6.3,volume_thrust_2x,"volume_thrust_2x,ma_stack_rising,above_rising_20sma,hh_hl_uptrend,rs_beats_nifty"
June,FIVESTAR,2026-06-02,2026-06-15,9,6.3,volume_thrust_2x,volume_thrust_2x
June,HCLTECH,2026-06-30,2026-07-03,3,6.3,TECHNICAL:deep_oversold_bounce,
June,HFCL,2026-06-23,2026-06-25,2,6.3,ma_stack_rising,"ma_stack_rising,above_rising_20sma,momentum_roc10>5,hh_hl_uptrend,rs_beats_nifty"
June,J&KBANK,2026-06-04,2026-06-09,3,6.3,ma_stack_rising,"ma_stack_rising,near_20d_high,above_rising_20sma,momentum_roc10>5,hh_hl_uptrend,rs_beats_nifty"
June,NUVOCO,2026-06-11,2026-06-17,4,6.3,NO_NEWS_FOUND,
June,RRKABEL,2026-06-01,2026-06-03,2,6.3,ma_stack_rising,"ma_stack_rising,above_rising_20sma,hh_hl_uptrend,rs_beats_nifty"
June,TBOTEK,2026-06-16,2026-07-01,10,6.3,ma_stack_rising,"ma_stack_rising,above_rising_20sma,momentum_roc10>5,hh_hl_uptrend,rs_beats_nifty"
June,ZENTEC,2026-06-05,2026-06-18,9,6.3,ma_stack_rising,"ma_stack_rising,above_rising_20sma,momentum_roc10>5,hh_hl_uptrend,rs_beats_nifty"
June,AADHARHFC,2026-06-16,2026-06-19,3,6.2,near_20d_high,"near_20d_high,hh_hl_uptrend,rs_beats_nifty"
June,ACMESOLAR,2026-06-25,2026-06-29,1,6.2,ma_stack_rising,"ma_stack_rising,above_rising_20sma,momentum_roc10>5,hh_hl_uptrend,rs_beats_nifty"
June,AEGISLOG,2026-06-18,2026-06-22,2,6.2,ma_stack_rising,"ma_stack_rising,near_20d_high,above_rising_20sma,momentum_roc10>5,hh_hl_uptrend,strong_close,rs_beats_nifty"
June,ASAHIINDIA,2026-06-19,2026-06-25,4,6.2,NO_NEWS_FOUND,
June,ATGL,2026-06-03,2026-06-05,2,6.2,ma_stack_rising,"ma_stack_rising,above_rising_20sma,momentum_roc10>5,hh_hl_uptrend,rs_beats_nifty"
June,AWL,2026-06-08,2026-06-16,6,6.2,NO_NEWS_FOUND,
June,CANBK,2026-06-11,2026-06-17,4,6.2,above_rising_20sma,"above_rising_20sma,rs_beats_nifty"
June,CGPOWER,2026-06-24,2026-07-01,4,6.2,ma_stack_rising,ma_stack_rising
June,CHAMBLFERT,2026-06-03,2026-06-16,9,6.2,ma_stack_rising,"ma_stack_rising,above_rising_20sma,rs_beats_nifty"
June,CHENNPETRO,2026-06-11,2026-06-15,2,6.2,ma_stack_rising,"ma_stack_rising,above_rising_20sma,momentum_roc10>5,hh_hl_uptrend,rs_beats_nifty"
June,CHOICEIN,2026-06-30,2026-07-03,3,6.2,ma_stack_rising,"ma_stack_rising,pullback_in_uptrend,near_20d_high,above_rising_20sma,momentum_roc10>5,hh_hl_uptrend,rs_beats_nifty"
June,FORCEMOT,2026-06-03,2026-06-04,1,6.2,TECHNICAL:deep_oversold_bounce,
June,HOMEFIRST,2026-06-02,2026-06-16,10,6.2,strong_close,"strong_close,rs_beats_nifty"
June,LTM,2026-06-30,2026-07-03,3,6.2,TECHNICAL:deep_oversold_bounce,
June,MANAPPURAM,2026-06-08,2026-06-15,5,6.2,TECHNICAL:near_ma_ambiguous,
June,MPHASIS,2026-06-30,2026-07-03,3,6.2,NEWS:analyst/rating,
June,POLYCAB,2026-06-08,2026-06-19,9,6.2,ma_stack_rising,"ma_stack_rising,above_rising_20sma,hh_hl_uptrend,rs_beats_nifty"
June,RECLTD,2026-06-01,2026-06-09,6,6.2,NEWS:earnings/results,
June,SAREGAMA,2026-06-09,2026-06-22,9,6.2,ma_stack_rising,"ma_stack_rising,above_rising_20sma,momentum_roc10>5,hh_hl_uptrend,rs_beats_nifty"
June,SBFC,2026-06-11,2026-06-19,6,6.2,rs_beats_nifty,rs_beats_nifty
June,SUZLON,2026-06-02,2026-06-16,10,6.2,ma_stack_rising,"ma_stack_rising,pullback_in_uptrend,strong_close,rs_beats_nifty"
June,TMCV,2026-06-16,2026-06-25,7,6.2,above_rising_20sma,"above_rising_20sma,momentum_roc10>5,hh_hl_uptrend,rs_beats_nifty"
June,AAVAS,2026-06-01,2026-06-12,9,6.1,TECHNICAL:near_ma_ambiguous,
June,ADANIENT,2026-06-23,2026-07-01,5,6.1,ma_stack_rising,ma_stack_rising
June,APARINDS,2026-06-08,2026-06-10,2,6.1,ma_stack_rising,"ma_stack_rising,above_rising_20sma,hh_hl_uptrend,rs_beats_nifty"
June,CARBORUNIV,2026-06-16,2026-06-17,1,6.1,ma_stack_rising,"ma_stack_rising,hh_hl_uptrend,rs_beats_nifty"
June,CEATLTD,2026-06-16,2026-07-01,10,6.1,near_20d_high,"near_20d_high,above_rising_20sma,momentum_roc10>5,hh_hl_uptrend,rs_beats_nifty"
June,ERIS,2026-06-05,2026-06-19,10,6.1,TECHNICAL:near_ma_ambiguous,
June,ETERNAL,2026-06-22,2026-07-01,6,6.1,ma_stack_rising,"ma_stack_rising,near_20d_high,above_rising_20sma,momentum_roc10>5,hh_hl_uptrend,rs_beats_nifty"
June,GODREJIND,2026-06-04,2026-06-18,10,6.1,NO_NEWS_FOUND,
June,GRANULES,2026-06-22,2026-07-02,7,6.1,ma_stack_rising,"ma_stack_rising,above_rising_20sma,hh_hl_uptrend"
June,HSCL,2026-06-23,2026-06-25,2,6.1,ma_stack_rising,ma_stack_rising
June,ICICIGI,2026-06-04,2026-06-18,10,6.1,NEWS:corp_action,
June,IRFC,2026-06-08,2026-06-17,7,6.1,NEWS:earnings/results,
June,JKCEMENT,2026-06-03,2026-06-15,8,6.1,NO_NEWS_FOUND,
June,KAYNES,2026-06-04,2026-06-18,10,6.1,momentum_roc10>5,"momentum_roc10>5,hh_hl_uptrend,rs_beats_nifty"
June,M&MFIN,2026-06-08,2026-06-15,5,6.1,TECHNICAL:deep_oversold_bounce,
June,PIIND,2026-06-01,2026-06-09,6,6.1,NEWS:earnings/results,
June,SYRMA,2026-06-10,2026-06-15,3,6.1,ma_stack_rising,"ma_stack_rising,above_rising_20sma,momentum_roc10>5,hh_hl_uptrend,rs_beats_nifty"
June,ZFCVINDIA,2026-06-16,2026-06-19,3,6.1,ma_stack_rising,"ma_stack_rising,above_rising_20sma,hh_hl_uptrend,rs_beats_nifty,stage2_breakout"
June,ASAHIINDIA,2026-06-29,2026-07-02,3,6.0,volume_thrust_2x,volume_thrust_2x
June,BAJFINANCE,2026-06-01,2026-06-15,10,6.0,SECTOR_PEER_MOVE,
June,CDSL,2026-06-03,2026-06-17,10,6.0,hh_hl_uptrend,"hh_hl_uptrend,rs_beats_nifty"
June,COHANCE,2026-06-09,2026-06-23,10,6.0,strong_close,"strong_close,rs_beats_nifty"
June,FIVESTAR,2026-06-19,2026-07-03,9,6.0,ma_stack_rising,"ma_stack_rising,pullback_in_uptrend,near_20d_high,above_rising_20sma,momentum_roc10>5,hh_hl_uptrend,rs_beats_nifty"
June,HAVELLS,2026-06-11,2026-06-17,4,6.0,NEWS:analyst/rating,
June,HDBFS,2026-06-16,2026-06-29,8,6.0,volume_thrust_2x,"volume_thrust_2x,near_20d_high,momentum_roc10>5,hh_hl_uptrend,rs_beats_nifty"
June,IIFL,2026-06-29,2026-07-02,3,6.0,ma_stack_rising,ma_stack_rising
June,JMFINANCIL,2026-06-08,2026-06-16,6,6.0,NEWS:earnings/results,
June,MINDACORP,2026-06-16,2026-06-30,9,6.0,ma_stack_rising,"ma_stack_rising,above_rising_20sma,hh_hl_uptrend,rs_beats_nifty"
June,NAVA,2026-06-08,2026-06-19,9,6.0,NEWS:litigation/penalty,
June,PWL,2026-06-19,2026-06-23,2,6.0,ma_stack_rising,"ma_stack_rising,pullback_in_uptrend,near_20d_high,above_rising_20sma,momentum_roc10>5,hh_hl_uptrend,strong_close,rs_beats_nifty"
June,RAILTEL,2026-06-08,2026-06-16,6,6.0,NEWS:order/contract win,
June,RECLTD,2026-06-10,2026-06-22,8,6.0,near_20d_high,"near_20d_high,hh_hl_uptrend,rs_beats_nifty"
June,SCI,2026-06-08,2026-06-15,5,6.0,NEWS:litigation/penalty,
June,SUNDARMFIN,2026-06-01,2026-06-15,10,6.0,TECHNICAL:deep_oversold_bounce,
June,TATACAP,2026-06-10,2026-06-15,3,6.0,near_20d_high,"near_20d_high,hh_hl_uptrend,rs_beats_nifty"
June,VOLTAS,2026-06-08,2026-06-17,7,6.0,hh_hl_uptrend,"hh_hl_uptrend,rs_beats_nifty"
June,AUROPHARMA,2026-06-09,2026-06-23,10,5.9,rs_beats_nifty,rs_beats_nifty
June,AUROPHARMA,2026-06-24,2026-07-03,6,5.9,ma_stack_rising,"ma_stack_rising,near_20d_high,above_rising_20sma,momentum_roc10>5,hh_hl_uptrend,rs_beats_nifty"
June,BSE,2026-06-02,2026-06-16,10,5.9,ma_stack_rising,ma_stack_rising
June,CHOLAHLDNG,2026-06-02,2026-06-15,9,5.9,SECTOR_PEER_MOVE,
June,CONCOR,2026-06-08,2026-06-19,9,5.9,NO_NEWS_FOUND,
June,DLF,2026-06-01,2026-06-15,10,5.9,rs_beats_nifty,rs_beats_nifty
June,GRAPHITE,2026-06-11,2026-06-15,2,5.9,NEWS:earnings/results,
June,HDFCBANK,2026-06-04,2026-06-18,10,5.9,strong_close,"strong_close,rs_beats_nifty"
June,INDUSINDBK,2026-06-08,2026-06-19,9,5.9,rs_beats_nifty,rs_beats_nifty
June,JAINREC,2026-06-03,2026-06-17,10,5.9,TECHNICAL:deep_oversold_bounce,
June,JAINREC,2026-06-29,2026-07-03,4,5.9,momentum_roc10>5,"momentum_roc10>5,rs_beats_nifty"
June,LLOYDSME,2026-06-24,2026-06-29,2,5.9,ma_stack_rising,ma_stack_rising
June,M&MFIN,2026-06-29,2026-07-03,4,5.9,volume_thrust_2x,"volume_thrust_2x,above_rising_20sma,momentum_roc10>5,hh_hl_uptrend,rs_beats_nifty"
June,PAGEIND,2026-06-16,2026-06-30,9,5.9,ma_stack_rising,"ma_stack_rising,above_rising_20sma,hh_hl_uptrend,rs_beats_nifty"
June,SAPPHIRE,2026-06-05,2026-06-19,10,5.9,NEWS:corp_action,
June,SHRIRAMFIN,2026-06-17,2026-07-02,10,5.9,near_20d_high,"near_20d_high,above_rising_20sma,momentum_roc10>5,hh_hl_uptrend,rs_beats_nifty"
June,USHAMART,2026-06-01,2026-06-04,3,5.9,ma_stack_rising,"ma_stack_rising,above_rising_20sma,hh_hl_uptrend,rs_beats_nifty"
June,AARTIIND,2026-06-01,2026-06-15,10,5.8,ma_stack_rising,"ma_stack_rising,rs_beats_nifty"
June,BAJFINANCE,2026-06-16,2026-07-01,10,5.8,near_20d_high,"near_20d_high,above_rising_20sma,momentum_roc10>5,hh_hl_uptrend,strong_close,rs_beats_nifty"
June,BOSCHLTD,2026-06-17,2026-07-02,10,5.8,ma_stack_rising,"ma_stack_rising,above_rising_20sma,hh_hl_uptrend,rs_beats_nifty"
June,CENTRALBK,2026-06-16,2026-06-17,1,5.8,momentum_roc10>5,"momentum_roc10>5,hh_hl_uptrend,rs_beats_nifty"
June,DEVYANI,2026-06-08,2026-06-19,9,5.8,volume_thrust_2x,volume_thrust_2x
June,DRREDDY,2026-06-11,2026-06-25,10,5.8,NO_NEWS_FOUND,
June,ENGINERSIN,2026-06-01,2026-06-04,3,5.8,NEWS:earnings/results,
June,GRAVITA,2026-06-30,2026-07-03,3,5.8,ma_stack_rising,ma_stack_rising
June,HDFCLIFE,2026-06-08,2026-06-22,10,5.8,NEWS:earnings/results,
June,INDUSINDBK,2026-06-22,2026-07-03,8,5.8,ma_stack_rising,"ma_stack_rising,above_rising_20sma"
June,KAYNES,2026-06-29,2026-07-03,4,5.8,rs_beats_nifty,rs_beats_nifty
June,KEC,2026-06-02,2026-06-16,10,5.8,strong_close,"strong_close,rs_beats_nifty"
June,KPIL,2026-06-02,2026-06-16,10,5.8,ma_stack_rising,"ma_stack_rising,above_rising_20sma,hh_hl_uptrend,rs_beats_nifty"
June,LTTS,2026-06-04,2026-06-16,8,5.8,NEWS:earnings/results,
June,NAM-INDIA,2026-06-03,2026-06-15,8,5.8,ma_stack_rising,"ma_stack_rising,rs_beats_nifty"
June,NLCINDIA,2026-06-10,2026-06-22,8,5.8,volume_thrust_2x,volume_thrust_2x
June,PCBL,2026-06-01,2026-06-15,10,5.8,ma_stack_rising,"ma_stack_rising,hh_hl_uptrend,rs_beats_nifty"
June,RAINBOW,2026-06-02,2026-06-15,9,5.8,ma_stack_rising,"ma_stack_rising,above_rising_20sma"
June,SCHNEIDER,2026-06-24,2026-06-29,2,5.8,ma_stack_rising,"ma_stack_rising,above_rising_20sma,momentum_roc10>5,hh_hl_uptrend,rs_beats_nifty"
June,SUMICHEM,2026-06-11,2026-06-15,2,5.8,SECTOR_PEER_MOVE,
June,AFCONS,2026-06-08,2026-06-10,2,5.7,rs_beats_nifty,rs_beats_nifty
June,APOLLOHOSP,2026-06-18,2026-07-03,10,5.7,ma_stack_rising,"ma_stack_rising,above_rising_20sma,hh_hl_uptrend"
June,ASTERDM,2026-06-17,2026-06-19,2,5.7,ma_stack_rising,"ma_stack_rising,above_rising_20sma,rs_beats_nifty"
June,BEL,2026-06-10,2026-06-22,8,5.7,rs_beats_nifty,rs_beats_nifty
June,BLUEDART,2026-06-05,2026-06-19,10,5.7,NO_NEWS_FOUND,
June,GMRAIRPORT,2026-06-23,2026-07-01,5,5.7,ma_stack_rising,"ma_stack_rising,above_rising_20sma,rs_beats_nifty"
June,HYUNDAI,2026-06-01,2026-06-12,9,5.7,above_rising_20sma,"above_rising_20sma,hh_hl_uptrend,rs_beats_nifty"
June,INDGN,2026-06-08,2026-06-22,10,5.7,ma_stack_rising,"ma_stack_rising,hh_hl_uptrend,rs_beats_nifty"
June,INDIACEM,2026-06-08,2026-06-12,4,5.7,NO_NEWS_FOUND,
June,INDIAMART,2026-06-02,2026-06-16,10,5.7,rs_beats_nifty,rs_beats_nifty
June,JIOFIN,2026-06-08,2026-06-16,6,5.7,SECTOR_PEER_MOVE,
June,JMFINANCIL,2026-06-29,2026-07-03,4,5.7,rs_beats_nifty,rs_beats_nifty
June,JWL,2026-06-11,2026-06-17,4,5.7,NEWS:earnings/results,
June,LUPIN,2026-06-25,2026-07-03,5,5.7,ma_stack_rising,"ma_stack_rising,above_rising_20sma,hh_hl_uptrend,stage2_breakout"
June,MGL,2026-06-01,2026-06-15,10,5.7,rs_beats_nifty,rs_beats_nifty
June,PETRONET,2026-06-01,2026-06-15,10,5.7,volume_thrust_2x,"volume_thrust_2x,hh_hl_uptrend,rs_beats_nifty"
June,PHOENIXLTD,2026-06-01,2026-06-15,10,5.7,ma_stack_rising,"ma_stack_rising,rs_beats_nifty"
June,PIRAMALFIN,2026-06-02,2026-06-12,8,5.7,ma_stack_rising,"ma_stack_rising,rs_beats_nifty"
June,PNB,2026-06-01,2026-06-09,6,5.7,hh_hl_uptrend,"hh_hl_uptrend,rs_beats_nifty"
June,POLICYBZR,2026-06-04,2026-06-17,9,5.7,NEWS:m&a/stake/block_deal,
June,SYRMA,2026-06-16,2026-06-23,5,5.7,ma_stack_rising,"ma_stack_rising,above_rising_20sma,momentum_roc10>5,hh_hl_uptrend,rs_beats_nifty"
June,TENNIND,2026-06-01,2026-06-05,4,5.7,TECHNICAL:near_ma_ambiguous,
June,VOLTAS,2026-06-01,2026-06-05,4,5.7,rs_beats_nifty,rs_beats_nifty
June,WELCORP,2026-06-08,2026-06-19,9,5.7,ma_stack_rising,"ma_stack_rising,above_rising_20sma,momentum_roc10>5,rs_beats_nifty"
June,ABCAPITAL,2026-06-16,2026-06-24,6,5.6,ma_stack_rising,"ma_stack_rising,pullback_in_uptrend,near_20d_high,above_rising_20sma,momentum_roc10>5,hh_hl_uptrend,strong_close,rs_beats_nifty"
June,ABLBL,2026-06-11,2026-06-16,3,5.6,SECTOR_PEER_MOVE,
June,ADANIPORTS,2026-06-23,2026-07-02,6,5.6,ma_stack_rising,ma_stack_rising
June,AMBUJACEM,2026-06-11,2026-06-15,2,5.6,NEWS:regulatory/approval,
June,BOSCHLTD,2026-06-04,2026-06-12,6,5.6,ma_stack_rising,"ma_stack_rising,above_rising_20sma,hh_hl_uptrend,rs_beats_nifty"
June,COCHINSHIP,2026-06-29,2026-06-30,1,5.6,hh_hl_uptrend,hh_hl_uptrend
June,DLF,2026-06-17,2026-07-02,10,5.6,ma_stack_rising,"ma_stack_rising,near_20d_high,above_rising_20sma,momentum_roc10>5,hh_hl_uptrend,rs_beats_nifty"
June,FINCABLES,2026-06-25,2026-06-29,1,5.6,ma_stack_rising,"ma_stack_rising,above_rising_20sma,momentum_roc10>5,rs_beats_nifty"
June,GMDCLTD,2026-06-29,2026-07-01,2,5.6,NO_NEWS_FOUND,
June,GODIGIT,2026-06-09,2026-06-22,9,5.6,rs_beats_nifty,rs_beats_nifty
June,GODREJCP,2026-06-17,2026-07-02,10,5.6,hh_hl_uptrend,"hh_hl_uptrend,rs_beats_nifty"
June,GODREJIND,2026-06-19,2026-06-30,6,5.6,ma_stack_rising,"ma_stack_rising,momentum_roc10>5,hh_hl_uptrend,rs_beats_nifty"
June,ICICIAMC,2026-06-05,2026-06-18,9,5.6,ma_stack_rising,"ma_stack_rising,hh_hl_uptrend,rs_beats_nifty"
June,ICICIPRULI,2026-06-03,2026-06-17,10,5.6,TECHNICAL:deep_oversold_bounce,
June,IDBI,2026-06-19,2026-06-22,1,5.6,above_rising_20sma,"above_rising_20sma,momentum_roc10>5,hh_hl_uptrend,rs_beats_nifty"
June,IEX,2026-06-08,2026-06-22,10,5.6,SECTOR_PEER_MOVE,
June,J&KBANK,2026-06-10,2026-06-17,5,5.6,ma_stack_rising,"ma_stack_rising,above_rising_20sma,momentum_roc10>5,hh_hl_uptrend,rs_beats_nifty"
June,LEMONTREE,2026-06-08,2026-06-19,9,5.6,NEWS:earnings/results,
June,LTF,2026-06-16,2026-06-30,9,5.6,near_20d_high,"near_20d_high,momentum_roc10>5,hh_hl_uptrend,rs_beats_nifty"
June,MAPMYINDIA,2026-06-11,2026-06-17,4,5.6,rs_beats_nifty,rs_beats_nifty
June,MOTHERSON,2026-06-23,2026-06-25,2,5.6,ma_stack_rising,ma_stack_rising
June,NATCOPHARM,2026-06-11,2026-06-19,6,5.6,NEWS:earnings/results,
June,PWL,2026-06-05,2026-06-15,6,5.6,TECHNICAL:near_ma_ambiguous,
June,SOBHA,2026-06-04,2026-06-17,9,5.6,NO_NEWS_FOUND,
June,SONACOMS,2026-06-08,2026-06-22,10,5.6,ma_stack_rising,"ma_stack_rising,rs_beats_nifty"
June,WHIRLPOOL,2026-06-09,2026-06-22,9,5.6,NEWS:earnings/results,
June,ZYDUSLIFE,2026-06-17,2026-06-29,7,5.6,ma_stack_rising,ma_stack_rising
June,AAVAS,2026-06-15,2026-06-24,7,5.5,ma_stack_rising,"ma_stack_rising,momentum_roc10>5,hh_hl_uptrend,rs_beats_nifty"
June,ACUTAAS,2026-06-11,2026-06-25,10,5.5,ma_stack_rising,"ma_stack_rising,above_rising_20sma,rs_beats_nifty"
June,ADANIENSOL,2026-06-01,2026-06-05,4,5.5,ma_stack_rising,"ma_stack_rising,above_rising_20sma,momentum_roc10>5,hh_hl_uptrend,rs_beats_nifty"
June,APTUS,2026-06-03,2026-06-12,7,5.5,hh_hl_uptrend,"hh_hl_uptrend,rs_beats_nifty"
June,BPCL,2026-06-02,2026-06-15,9,5.5,hh_hl_uptrend,"hh_hl_uptrend,rs_beats_nifty"
June,DIXON,2026-06-29,2026-07-03,4,5.5,ma_stack_rising,"ma_stack_rising,hh_hl_uptrend,rs_beats_nifty"
June,DMART,2026-06-08,2026-06-17,7,5.5,rs_beats_nifty,rs_beats_nifty
June,DOMS,2026-06-01,2026-06-12,9,5.5,NEWS:earnings/results,
June,ECLERX,2026-06-05,2026-06-17,8,5.5,TECHNICAL:deep_oversold_bounce,
June,EMMVEE,2026-06-17,2026-07-02,10,5.5,ma_stack_rising,"ma_stack_rising,above_rising_20sma,hh_hl_uptrend,strong_close,rs_beats_nifty"
June,GABRIEL,2026-06-01,2026-06-15,10,5.5,ma_stack_rising,"ma_stack_rising,rs_beats_nifty"
June,GROWW,2026-06-23,2026-07-01,5,5.5,ma_stack_rising,"ma_stack_rising,above_rising_20sma"
June,IGL,2026-06-02,2026-06-15,9,5.5,momentum_roc10>5,"momentum_roc10>5,hh_hl_uptrend,rs_beats_nifty"
June,IIFL,2026-06-08,2026-06-12,4,5.5,ma_stack_rising,"ma_stack_rising,above_rising_20sma,momentum_roc10>5,hh_hl_uptrend,rs_beats_nifty"
June,KAJARIACER,2026-06-04,2026-06-17,9,5.5,ma_stack_rising,"ma_stack_rising,hh_hl_uptrend,rs_beats_nifty"
June,KEI,2026-06-01,2026-06-15,10,5.5,ma_stack_rising,"ma_stack_rising,above_rising_20sma,rs_beats_nifty"
June,KIMS,2026-06-22,2026-07-03,8,5.5,ma_stack_rising,"ma_stack_rising,near_20d_high,above_rising_20sma,hh_hl_uptrend,strong_close"
June,LENSKART,2026-06-16,2026-07-01,10,5.5,TECHNICAL:near_ma_ambiguous,
June,LT,2026-06-03,2026-06-15,8,5.5,ma_stack_rising,"ma_stack_rising,rs_beats_nifty"
June,M&M,2026-06-01,2026-06-15,10,5.5,NEWS:analyst/rating,
June,MCX,2026-06-10,2026-06-15,3,5.5,SECTOR_PEER_MOVE,
June,MSUMI,2026-06-11,2026-06-22,7,5.5,NO_NEWS_FOUND,
June,NAUKRI,2026-06-11,2026-06-17,4,5.5,NEWS:management/leadership,
June,NBCC,2026-06-08,2026-06-16,6,5.5,ma_stack_rising,"ma_stack_rising,above_rising_20sma,momentum_roc10>5,hh_hl_uptrend,rs_beats_nifty"
June,OLAELEC,2026-06-17,2026-07-01,9,5.5,ma_stack_rising,"ma_stack_rising,above_rising_20sma"
June,PAYTM,2026-06-03,2026-06-15,8,5.5,NEWS:m&a/stake/block_deal,
June,PFC,2026-06-02,2026-06-09,5,5.5,TECHNICAL:near_ma_ambiguous,
June,PPLPHARMA,2026-06-29,2026-07-03,4,5.5,hh_hl_uptrend,"hh_hl_uptrend,rs_beats_nifty"
June,PVRINOX,2026-06-19,2026-07-03,9,5.5,NEWS:m&a/stake/block_deal,
June,RHIM,2026-06-10,2026-06-22,8,5.5,SECTOR_PEER_MOVE,
June,SBICARD,2026-06-04,2026-06-16,8,5.5,TECHNICAL:deep_oversold_bounce,
June,SHREECEM,2026-06-05,2026-06-18,9,5.5,SECTOR_PEER_MOVE,
June,TATATECH,2026-06-11,2026-06-15,2,5.5,ma_stack_rising,"ma_stack_rising,above_rising_20sma,hh_hl_uptrend,rs_beats_nifty"
June,TIINDIA,2026-06-01,2026-06-15,10,5.5,ma_stack_rising,"ma_stack_rising,above_rising_20sma,momentum_roc10>5,hh_hl_uptrend,rs_beats_nifty"
June,TMPV,2026-06-11,2026-06-15,2,5.5,ma_stack_rising,"ma_stack_rising,pullback_in_uptrend"
June,TRAVELFOOD,2026-06-05,2026-06-19,10,5.5,ma_stack_rising,"ma_stack_rising,momentum_roc10>5,hh_hl_uptrend,rs_beats_nifty,stage2_breakout"
June,UNITDSPR,2026-06-19,2026-07-03,9,5.5,above_rising_20sma,"above_rising_20sma,momentum_roc10>5,hh_hl_uptrend,rs_beats_nifty"
June,USHAMART,2026-06-19,2026-07-02,8,5.5,volume_thrust_2x,"volume_thrust_2x,ma_stack_rising"
June,VIJAYA,2026-06-22,2026-07-02,7,5.5,ma_stack_rising,"ma_stack_rising,above_rising_20sma,hh_hl_uptrend"
June,WOCKPHARMA,2026-06-02,2026-06-03,1,5.5,ma_stack_rising,"ma_stack_rising,above_rising_20sma,momentum_roc10>5,hh_hl_uptrend,rs_beats_nifty"
June,360ONE,2026-06-03,2026-06-15,8,5.4,TECHNICAL:near_ma_ambiguous,
June,3MINDIA,2026-06-08,2026-06-18,8,5.4,NO_NEWS_FOUND,
June,AARTIIND,2026-06-29,2026-07-02,3,5.4,rs_beats_nifty,"rs_beats_nifty,stage2_breakout"
June,ABSLAMC,2026-06-16,2026-06-19,3,5.4,ma_stack_rising,"ma_stack_rising,above_rising_20sma,momentum_roc10>5,hh_hl_uptrend,rs_beats_nifty"
June,ADANIGREEN,2026-06-01,2026-06-05,4,5.4,ma_stack_rising,"ma_stack_rising,above_rising_20sma,hh_hl_uptrend,rs_beats_nifty"
June,ARE&M,2026-06-10,2026-06-17,5,5.4,NO_NEWS_FOUND,
June,ATHERENERG,2026-06-04,2026-06-10,4,5.4,ma_stack_rising,"ma_stack_rising,above_rising_20sma,momentum_roc10>5,hh_hl_uptrend,rs_beats_nifty"
June,ATHERENERG,2026-06-12,2026-06-29,10,5.4,ma_stack_rising,"ma_stack_rising,above_rising_20sma,momentum_roc10>5,hh_hl_uptrend,rs_beats_nifty"
June,BAJAJHLDNG,2026-06-04,2026-06-18,10,5.4,NEWS:corp_action,
June,CANFINHOME,2026-06-03,2026-06-12,7,5.4,NO_NEWS_FOUND,
June,CANFINHOME,2026-06-29,2026-07-01,2,5.4,volume_thrust_2x,"volume_thrust_2x,ma_stack_rising"
June,CAPLIPOINT,2026-06-23,2026-06-30,4,5.4,ma_stack_rising,"ma_stack_rising,above_rising_20sma,momentum_roc10>5,hh_hl_uptrend,rs_beats_nifty"
June,CARBORUNIV,2026-06-03,2026-06-15,8,5.4,ma_stack_rising,ma_stack_rising
June,CCL,2026-06-16,2026-06-30,9,5.4,ma_stack_rising,"ma_stack_rising,above_rising_20sma,rs_beats_nifty"
June,COLPAL,2026-06-24,2026-07-01,4,5.4,NO_NEWS_FOUND,
June,CUMMINSIND,2026-06-11,2026-06-18,5,5.4,ma_stack_rising,ma_stack_rising
June,DIXON,2026-06-02,2026-06-16,10,5.4,ma_stack_rising,"ma_stack_rising,pullback_in_uptrend,above_rising_20sma,momentum_roc10>5,strong_close,rs_beats_nifty"
June,EIDPARRY,2026-06-19,2026-07-03,9,5.4,volume_thrust_2x,volume_thrust_2x
June,ESCORTS,2026-06-08,2026-06-22,10,5.4,strong_close,strong_close
June,GABRIEL,2026-06-16,2026-06-19,3,5.4,volume_thrust_2x,"volume_thrust_2x,ma_stack_rising,momentum_roc10>5,hh_hl_uptrend,rs_beats_nifty"
June,GMRAIRPORT,2026-06-05,2026-06-16,7,5.4,ma_stack_rising,"ma_stack_rising,above_rising_20sma,momentum_roc10>5,hh_hl_uptrend,rs_beats_nifty"
June,GODFRYPHLP,2026-06-08,2026-06-12,4,5.4,NEWS:earnings/results,
June,HONAUT,2026-06-03,2026-06-16,9,5.4,ma_stack_rising,"ma_stack_rising,above_rising_20sma,momentum_roc10>5,rs_beats_nifty,stage2_breakout"
June,HONAUT,2026-06-17,2026-06-22,3,5.4,ma_stack_rising,"ma_stack_rising,above_rising_20sma,hh_hl_uptrend,rs_beats_nifty"
June,IDEA,2026-06-09,2026-06-12,3,5.4,ma_stack_rising,"ma_stack_rising,above_rising_20sma,hh_hl_uptrend,rs_beats_nifty"
June,INTELLECT,2026-06-19,2026-07-03,9,5.4,ma_stack_rising,"ma_stack_rising,above_rising_20sma"
June,IRCON,2026-06-08,2026-06-17,7,5.4,NO_NEWS_FOUND,
June,JINDALSAW,2026-06-05,2026-06-18,9,5.4,ma_stack_rising,"ma_stack_rising,above_rising_20sma,momentum_roc10>5,hh_hl_uptrend,rs_beats_nifty"
June,JSWENERGY,2026-06-11,2026-06-22,7,5.4,ma_stack_rising,ma_stack_rising
June,KARURVYSYA,2026-06-05,2026-06-16,7,5.4,NEWS:earnings/results,
June,KIMS,2026-06-10,2026-06-19,7,5.4,ma_stack_rising,"ma_stack_rising,rs_beats_nifty"
June,LATENTVIEW,2026-06-10,2026-06-18,6,5.4,NEWS:analyst/rating,
June,LUPIN,2026-06-10,2026-06-24,10,5.4,rs_beats_nifty,rs_beats_nifty
June,MAPMYINDIA,2026-06-18,2026-07-03,10,5.4,momentum_roc10>5,"momentum_roc10>5,hh_hl_uptrend,rs_beats_nifty"
June,MEDANTA,2026-06-01,2026-06-04,3,5.4,ma_stack_rising,ma_stack_rising
June,NH,2026-06-11,2026-06-24,9,5.4,ma_stack_rising,ma_stack_rising
June,NIACL,2026-06-30,2026-07-02,2,5.4,ma_stack_rising,"ma_stack_rising,above_rising_20sma,momentum_roc10>5,rs_beats_nifty"
June,PIDILITIND,2026-06-01,2026-06-12,9,5.4,ma_stack_rising,"ma_stack_rising,above_rising_20sma,rs_beats_nifty"
June,PIRAMALFIN,2026-06-22,2026-07-01,6,5.4,ma_stack_rising,"ma_stack_rising,above_rising_20sma,momentum_roc10>5,hh_hl_uptrend,rs_beats_nifty"
June,RADICO,2026-06-04,2026-06-18,10,5.4,ma_stack_rising,"ma_stack_rising,pullback_in_uptrend,above_rising_20sma"
June,RADICO,2026-06-19,2026-07-02,8,5.4,base_breakout,"base_breakout,volume_thrust_2x,ma_stack_rising,pullback_in_uptrend,near_20d_high,above_rising_20sma,momentum_roc10>5,hh_hl_uptrend,strong_close,rs_beats_nifty"
June,RAMCOCEM,2026-06-16,2026-06-29,8,5.4,hh_hl_uptrend,hh_hl_uptrend
June,RHIM,2026-06-23,2026-07-02,6,5.4,NO_NEWS_FOUND,
June,RITES,2026-06-03,2026-06-05,2,5.4,NEWS:earnings/results,
June,SAREGAMA,2026-06-23,2026-06-29,3,5.4,ma_stack_rising,"ma_stack_rising,above_rising_20sma,momentum_roc10>5,hh_hl_uptrend,rs_beats_nifty"
June,SCI,2026-06-01,2026-06-02,1,5.4,NEWS:earnings/results,
June,SYRMA,2026-06-01,2026-06-02,1,5.4,ma_stack_rising,"ma_stack_rising,pullback_in_uptrend,above_rising_20sma,momentum_roc10>5,hh_hl_uptrend,strong_close,rs_beats_nifty"
June,TARIL,2026-06-24,2026-07-01,4,5.4,ma_stack_rising,"ma_stack_rising,above_rising_20sma,momentum_roc10>5,hh_hl_uptrend,rs_beats_nifty"
June,TITAN,2026-06-08,2026-06-19,9,5.4,hh_hl_uptrend,"hh_hl_uptrend,rs_beats_nifty"
June,TORNTPOWER,2026-06-10,2026-06-22,8,5.4,NEWS:corp_action,
June,TVSMOTOR,2026-06-24,2026-07-02,5,5.4,above_rising_20sma,above_rising_20sma
June,UNIONBANK,2026-06-01,2026-06-15,10,5.4,hh_hl_uptrend,"hh_hl_uptrend,rs_beats_nifty"
June,WELSPUNLIV,2026-06-19,2026-07-03,9,5.4,ma_stack_rising,"ma_stack_rising,pullback_in_uptrend,above_rising_20sma,momentum_roc10>5,hh_hl_uptrend,rs_beats_nifty"
June,ZYDUSWELL,2026-06-09,2026-06-22,9,5.4,ma_stack_rising,"ma_stack_rising,hh_hl_uptrend,rs_beats_nifty"
June,ABB,2026-06-10,2026-06-17,5,5.3,ma_stack_rising,"ma_stack_rising,rs_beats_nifty"
June,ABDL,2026-06-01,2026-06-05,4,5.3,ma_stack_rising,"ma_stack_rising,rs_beats_nifty"
June,ANANTRAJ,2026-06-11,2026-06-16,3,5.3,ma_stack_rising,"ma_stack_rising,rs_beats_nifty"
June,APARINDS,2026-06-18,2026-06-23,3,5.3,ma_stack_rising,"ma_stack_rising,above_rising_20sma,momentum_roc10>5,hh_hl_uptrend,rs_beats_nifty"
June,ASHOKLEY,2026-06-01,2026-06-15,10,5.3,TECHNICAL:deep_oversold_bounce,
June,BAJAJHFL,2026-06-29,2026-07-03,4,5.3,ma_stack_rising,"ma_stack_rising,above_rising_20sma,hh_hl_uptrend,rs_beats_nifty"
June,BALKRISIND,2026-06-05,2026-06-17,8,5.3,NO_NEWS_FOUND,
June,BEML,2026-06-18,2026-07-02,9,5.3,hh_hl_uptrend,hh_hl_uptrend
June,BRITANNIA,2026-06-29,2026-07-02,3,5.3,NEWS:corp_action,
June,CAMS,2026-06-03,2026-06-16,9,5.3,ma_stack_rising,ma_stack_rising
June,CGCL,2026-06-01,2026-06-12,9,5.3,ma_stack_rising,"ma_stack_rising,above_rising_20sma,momentum_roc10>5,hh_hl_uptrend,rs_beats_nifty"
June,CIPLA,2026-06-15,2026-06-29,9,5.3,TECHNICAL:near_ma_ambiguous,
June,CYIENT,2026-06-08,2026-06-16,6,5.3,NEWS:m&a/stake/block_deal,
June,EIHOTEL,2026-06-16,2026-06-19,3,5.3,momentum_roc10>5,"momentum_roc10>5,hh_hl_uptrend,rs_beats_nifty"
June,ELECON,2026-06-25,2026-07-01,3,5.3,ma_stack_rising,ma_stack_rising
June,GODREJPROP,2026-06-03,2026-06-16,9,5.3,rs_beats_nifty,rs_beats_nifty
June,GRAVITA,2026-06-04,2026-06-18,10,5.3,hh_hl_uptrend,"hh_hl_uptrend,strong_close,rs_beats_nifty"
June,HDBFS,2026-06-01,2026-06-15,10,5.3,SECTOR_PEER_MOVE,
June,HEG,2026-06-10,2026-06-17,5,5.3,NO_NEWS_FOUND,
June,HINDPETRO,2026-06-19,2026-06-24,3,5.3,ma_stack_rising,"ma_stack_rising,above_rising_20sma,hh_hl_uptrend"
June,HYUNDAI,2026-06-29,2026-07-03,4,5.3,ma_stack_rising,ma_stack_rising
June,ITC,2026-06-03,2026-06-16,9,5.3,NEWS:earnings/results,
June,ITCHOTELS,2026-06-19,2026-06-30,6,5.3,base_breakout,"base_breakout,volume_thrust_2x,near_20d_high,above_rising_20sma,momentum_roc10>5,hh_hl_uptrend,strong_close,rs_beats_nifty"
June,JBCHEPHARM,2026-06-01,2026-06-11,8,5.3,ma_stack_rising,"ma_stack_rising,rs_beats_nifty"
June,JSWCEMENT,2026-06-10,2026-06-24,10,5.3,NO_NEWS_FOUND,
June,JSWDULUX,2026-06-04,2026-06-15,7,5.3,ma_stack_rising,"ma_stack_rising,above_rising_20sma,momentum_roc10>5,hh_hl_uptrend,rs_beats_nifty"
June,KPRMILL,2026-06-29,2026-07-01,2,5.3,ma_stack_rising,"ma_stack_rising,above_rising_20sma,momentum_roc10>5,hh_hl_uptrend,rs_beats_nifty"
June,MAHABANK,2026-06-15,2026-06-29,9,5.3,volume_thrust_2x,"volume_thrust_2x,ma_stack_rising,near_20d_high,above_rising_20sma,momentum_roc10>5,hh_hl_uptrend,rs_beats_nifty"
June,MARICO,2026-06-16,2026-07-01,10,5.3,TECHNICAL:near_ma_ambiguous,
June,MAZDOCK,2026-06-05,2026-06-17,8,5.3,TECHNICAL:near_ma_ambiguous,
June,MRF,2026-06-05,2026-06-18,9,5.3,NO_NEWS_FOUND,
June,NATCOPHARM,2026-06-22,2026-06-30,5,5.3,hh_hl_uptrend,hh_hl_uptrend
June,NETWEB,2026-06-05,2026-06-17,8,5.3,ma_stack_rising,"ma_stack_rising,above_rising_20sma,momentum_roc10>5,hh_hl_uptrend,rs_beats_nifty"
June,NEULANDLAB,2026-06-09,2026-06-23,10,5.3,ma_stack_rising,"ma_stack_rising,pullback_in_uptrend,hh_hl_uptrend,rs_beats_nifty"
June,NHPC,2026-06-02,2026-06-04,2,5.3,volume_thrust_2x,volume_thrust_2x
June,NUVAMA,2026-06-16,2026-06-25,7,5.3,ma_stack_rising,"ma_stack_rising,above_rising_20sma,momentum_roc10>5,hh_hl_uptrend,strong_close,rs_beats_nifty"
June,NUVOCO,2026-06-25,2026-07-03,5,5.3,NEWS:earnings/results,
June,NYKAA,2026-06-18,2026-07-02,9,5.3,base_breakout,"base_breakout,volume_thrust_2x,ma_stack_rising,pullback_in_uptrend,near_20d_high,above_rising_20sma,momentum_roc10>5,hh_hl_uptrend,strong_close,rs_beats_nifty"
June,PAGEIND,2026-06-01,2026-06-15,10,5.3,ma_stack_rising,"ma_stack_rising,rs_beats_nifty"
June,POWERINDIA,2026-06-08,2026-06-19,9,5.3,ma_stack_rising,"ma_stack_rising,above_rising_20sma,rs_beats_nifty"
June,RAMCOCEM,2026-06-01,2026-06-15,10,5.3,TECHNICAL:deep_oversold_bounce,
June,SOLARINDS,2026-06-11,2026-06-19,6,5.3,ma_stack_rising,ma_stack_rising
June,SYNGENE,2026-06-04,2026-06-12,6,5.3,NO_NEWS_FOUND,
June,TEGA,2026-06-10,2026-06-16,4,5.3,ma_stack_rising,"ma_stack_rising,above_rising_20sma,momentum_roc10>5,rs_beats_nifty"
June,UTIAMC,2026-06-29,2026-07-03,4,5.3,volume_thrust_2x,volume_thrust_2x
June,WOCKPHARMA,2026-06-05,2026-06-17,8,5.3,ma_stack_rising,"ma_stack_rising,above_rising_20sma,momentum_roc10>5,hh_hl_uptrend,rs_beats_nifty"
June,ZEEL,2026-06-09,2026-06-19,8,5.3,ma_stack_rising,"ma_stack_rising,above_rising_20sma,momentum_roc10>5,hh_hl_uptrend,rs_beats_nifty,stage2_breakout"
June,ZFCVINDIA,2026-06-01,2026-06-15,10,5.3,ma_stack_rising,ma_stack_rising
June,ABFRL,2026-06-29,2026-07-02,3,5.2,SECTOR_PEER_MOVE,
June,ADANIENT,2026-06-11,2026-06-22,7,5.2,ma_stack_rising,"ma_stack_rising,above_rising_20sma,rs_beats_nifty"
June,AIAENG,2026-06-25,2026-06-30,2,5.2,ma_stack_rising,"ma_stack_rising,above_rising_20sma,momentum_roc10>5,hh_hl_uptrend,rs_beats_nifty"
June,ANGELONE,2026-06-03,2026-06-15,8,5.2,ma_stack_rising,"ma_stack_rising,above_rising_20sma,rs_beats_nifty"
June,APLAPOLLO,2026-06-10,2026-06-17,5,5.2,NEWS:earnings/results,
June,ASHOKLEY,2026-06-19,2026-07-02,8,5.2,above_rising_20sma,"above_rising_20sma,momentum_roc10>5,hh_hl_uptrend,rs_beats_nifty"
June,BAJAJFINSV,2026-06-17,2026-07-02,10,5.2,hh_hl_uptrend,hh_hl_uptrend
June,BELRISE,2026-06-10,2026-06-17,5,5.2,ma_stack_rising,"ma_stack_rising,above_rising_20sma,hh_hl_uptrend,rs_beats_nifty"
June,BLS,2026-06-10,2026-06-18,6,5.2,NEWS:analyst/rating,
June,BRIGADE,2026-06-02,2026-06-15,9,5.2,NEWS:earnings/results,
June,CANHLIFE,2026-06-25,2026-07-02,4,5.2,NO_NEWS_FOUND,
June,CRAFTSMAN,2026-06-16,2026-06-19,3,5.2,ma_stack_rising,"ma_stack_rising,near_20d_high,above_rising_20sma,hh_hl_uptrend,rs_beats_nifty"
June,CRISIL,2026-06-03,2026-06-17,10,5.2,strong_close,strong_close
June,CUB,2026-06-16,2026-07-01,10,5.2,near_20d_high,"near_20d_high,above_rising_20sma,momentum_roc10>5,hh_hl_uptrend,strong_close,rs_beats_nifty"
June,DALBHARAT,2026-06-10,2026-06-17,5,5.2,TECHNICAL:deep_oversold_bounce,
June,FEDERALBNK,2026-06-04,2026-06-12,6,5.2,ma_stack_rising,"ma_stack_rising,near_20d_high,above_rising_20sma,hh_hl_uptrend,rs_beats_nifty"
June,FSL,2026-06-30,2026-07-03,3,5.2,NO_NEWS_FOUND,
June,GMDCLTD,2026-06-11,2026-06-16,3,5.2,NEWS:earnings/results,
June,HDFCAMC,2026-06-02,2026-06-16,10,5.2,strong_close,strong_close
June,HEROMOTOCO,2026-06-08,2026-06-15,5,5.2,NEWS:analyst/rating,
June,HOMEFIRST,2026-06-18,2026-07-03,10,5.2,ma_stack_rising,"ma_stack_rising,pullback_in_uptrend,near_20d_high,above_rising_20sma,momentum_roc10>5,hh_hl_uptrend,rs_beats_nifty,stage2_breakout"
June,IOC,2026-06-03,2026-06-15,8,5.2,rs_beats_nifty,rs_beats_nifty
June,IREDA,2026-06-08,2026-06-17,7,5.2,NEWS:earnings/results,
June,ITCHOTELS,2026-06-05,2026-06-18,9,5.2,rs_beats_nifty,rs_beats_nifty
June,JUBLINGREA,2026-06-08,2026-06-16,6,5.2,NO_NEWS_FOUND,
June,KEC,2026-06-17,2026-06-22,3,5.2,hh_hl_uptrend,"hh_hl_uptrend,rs_beats_nifty"
June,LALPATHLAB,2026-06-02,2026-06-16,10,5.2,ma_stack_rising,ma_stack_rising
June,LLOYDSME,2026-06-11,2026-06-12,1,5.2,NEWS:corp_action,
June,NAM-INDIA,2026-06-17,2026-07-02,10,5.2,ma_stack_rising,"ma_stack_rising,pullback_in_uptrend,near_20d_high,above_rising_20sma,momentum_roc10>5,hh_hl_uptrend,strong_close,rs_beats_nifty"
June,NH,2026-06-29,2026-07-03,4,5.2,volume_thrust_2x,"volume_thrust_2x,ma_stack_rising,hh_hl_uptrend"
June,PGEL,2026-06-30,2026-07-02,2,5.2,ma_stack_rising,"ma_stack_rising,above_rising_20sma,momentum_roc10>5,rs_beats_nifty"
June,PNB,2026-06-10,2026-06-18,6,5.2,above_rising_20sma,"above_rising_20sma,hh_hl_uptrend,rs_beats_nifty"
June,PNBHOUSING,2026-06-17,2026-07-02,10,5.2,hh_hl_uptrend,hh_hl_uptrend
June,PTCIL,2026-06-18,2026-06-19,1,5.2,ma_stack_rising,ma_stack_rising
June,RELIANCE,2026-06-08,2026-06-16,6,5.2,NEWS:litigation/penalty,
June,RITES,2026-06-10,2026-06-19,7,5.2,rs_beats_nifty,rs_beats_nifty
June,SAMMAANCAP,2026-06-29,2026-07-01,2,5.2,TECHNICAL:near_ma_ambiguous,
June,SAREGAMA,2026-06-04,2026-06-05,1,5.2,ma_stack_rising,"ma_stack_rising,above_rising_20sma,momentum_roc10>5,hh_hl_uptrend,rs_beats_nifty"
June,SIEMENS,2026-06-10,2026-06-22,8,5.2,rs_beats_nifty,rs_beats_nifty
June,TIMKEN,2026-06-08,2026-06-22,10,5.2,NEWS:earnings/results,
June,TVSMOTOR,2026-06-08,2026-06-22,10,5.2,NO_NEWS_FOUND,
June,UCOBANK,2026-06-01,2026-06-15,10,5.2,NEWS:management/leadership,
June,VIJAYA,2026-06-09,2026-06-19,8,5.2,ma_stack_rising,"ma_stack_rising,above_rising_20sma,momentum_roc10>5,hh_hl_uptrend,rs_beats_nifty"
June,AADHARHFC,2026-06-02,2026-06-15,9,5.1,strong_close,"strong_close,rs_beats_nifty"
June,ACE,2026-06-15,2026-06-18,3,5.1,ma_stack_rising,"ma_stack_rising,near_20d_high,above_rising_20sma,momentum_roc10>5,hh_hl_uptrend,rs_beats_nifty"
June,ACMESOLAR,2026-06-03,2026-06-04,1,5.1,ma_stack_rising,"ma_stack_rising,above_rising_20sma,momentum_roc10>5,hh_hl_uptrend,rs_beats_nifty"
June,ADANIPOWER,2026-06-10,2026-06-19,7,5.1,NEWS:analyst/rating,
June,ANGELONE,2026-06-25,2026-07-03,5,5.1,ma_stack_rising,ma_stack_rising
June,ANTHEM,2026-06-03,2026-06-12,7,5.1,NEWS:analyst/rating,
June,APOLLOHOSP,2026-06-01,2026-06-09,6,5.1,ma_stack_rising,"ma_stack_rising,above_rising_20sma,rs_beats_nifty"
June,BANKBARODA,2026-06-10,2026-06-18,6,5.1,above_rising_20sma,"above_rising_20sma,hh_hl_uptrend,rs_beats_nifty"
June,BERGEPAINT,2026-06-04,2026-06-15,7,5.1,ma_stack_rising,ma_stack_rising
June,BHARATFORG,2026-06-01,2026-06-15,10,5.1,ma_stack_rising,"ma_stack_rising,above_rising_20sma,hh_hl_uptrend,rs_beats_nifty"
June,CENTRALBK,2026-06-01,2026-06-15,10,5.1,TECHNICAL:deep_oversold_bounce,
June,CHENNPETRO,2026-06-19,2026-06-29,5,5.1,ma_stack_rising,ma_stack_rising
June,DCMSHRIRAM,2026-06-08,2026-06-15,5,5.1,NO_NEWS_FOUND,
June,DEEPAKFERT,2026-06-23,2026-07-02,6,5.1,ma_stack_rising,"ma_stack_rising,above_rising_20sma,hh_hl_uptrend,rs_beats_nifty"
June,ENRIN,2026-06-05,2026-06-19,10,5.1,ma_stack_rising,"ma_stack_rising,above_rising_20sma,hh_hl_uptrend,rs_beats_nifty"
June,FIRSTCRY,2026-06-10,2026-06-24,10,5.1,NEWS:earnings/results,
June,GALLANTT,2026-06-03,2026-06-15,8,5.1,NEWS:earnings/results,
June,GESHIP,2026-06-10,2026-06-19,7,5.1,NEWS:analyst/rating,
June,GLAND,2026-06-15,2026-06-24,7,5.1,ma_stack_rising,ma_stack_rising
June,GMRAIRPORT,2026-06-01,2026-06-04,3,5.1,ma_stack_rising,"ma_stack_rising,hh_hl_uptrend,rs_beats_nifty"
June,GODREJCP,2026-06-03,2026-06-15,8,5.1,NO_NEWS_FOUND,
June,GRANULES,2026-06-15,2026-06-19,4,5.1,ma_stack_rising,ma_stack_rising
June,HCLTECH,2026-06-11,2026-06-17,4,5.1,strong_close,strong_close
June,HDFCAMC,2026-06-24,2026-07-02,5,5.1,ma_stack_rising,"ma_stack_rising,above_rising_20sma,momentum_roc10>5,rs_beats_nifty,stage2_breakout"
June,HINDUNILVR,2026-06-02,2026-06-16,10,5.1,strong_close,strong_close
June,HINDZINC,2026-06-11,2026-06-17,4,5.1,NEWS:m&a/stake/block_deal,
June,HSCL,2026-06-08,2026-06-17,7,5.1,volume_thrust_2x,"volume_thrust_2x,ma_stack_rising,above_rising_20sma,momentum_roc10>5,hh_hl_uptrend,rs_beats_nifty"
June,HUDCO,2026-06-30,2026-07-03,3,5.1,NO_NEWS_FOUND,
June,ICICIBANK,2026-06-18,2026-07-03,10,5.1,ma_stack_rising,"ma_stack_rising,near_20d_high,above_rising_20sma,momentum_roc10>5,hh_hl_uptrend,strong_close,rs_beats_nifty"
June,INDHOTEL,2026-06-01,2026-06-12,9,5.1,ma_stack_rising,ma_stack_rising
June,INDHOTEL,2026-06-15,2026-06-19,4,5.1,ma_stack_rising,"ma_stack_rising,pullback_in_uptrend,near_20d_high,above_rising_20sma,momentum_roc10>5,hh_hl_uptrend,rs_beats_nifty"
June,INDIANB,2026-06-10,2026-06-17,5,5.1,hh_hl_uptrend,"hh_hl_uptrend,rs_beats_nifty"
June,INTELLECT,2026-06-08,2026-06-15,5,5.1,ma_stack_rising,"ma_stack_rising,rs_beats_nifty"
June,IRB,2026-06-08,2026-06-22,10,5.1,NEWS:earnings/results,
June,JKTYRE,2026-06-05,2026-06-19,10,5.1,hh_hl_uptrend,"hh_hl_uptrend,rs_beats_nifty"
June,JUBLINGREA,2026-06-18,2026-07-03,10,5.1,hh_hl_uptrend,"hh_hl_uptrend,rs_beats_nifty"
June,JUBLPHARMA,2026-06-11,2026-06-17,4,5.1,NO_NEWS_FOUND,
June,KEI,2026-06-16,2026-06-22,4,5.1,ma_stack_rising,"ma_stack_rising,above_rising_20sma,hh_hl_uptrend,rs_beats_nifty"
June,KPIL,2026-06-17,2026-06-22,3,5.1,ma_stack_rising,"ma_stack_rising,near_20d_high,above_rising_20sma,momentum_roc10>5,hh_hl_uptrend,rs_beats_nifty"
June,KPRMILL,2026-06-19,2026-06-24,3,5.1,ma_stack_rising,"ma_stack_rising,above_rising_20sma,momentum_roc10>5,hh_hl_uptrend,rs_beats_nifty"
June,LAURUSLABS,2026-06-24,2026-07-02,5,5.1,ma_stack_rising,"ma_stack_rising,above_rising_20sma,hh_hl_uptrend,rs_beats_nifty"
June,MAHABANK,2026-06-11,2026-06-12,1,5.1,ma_stack_rising,"ma_stack_rising,above_rising_20sma,hh_hl_uptrend,rs_beats_nifty"
June,MARUTI,2026-06-16,2026-07-01,10,5.1,above_rising_20sma,"above_rising_20sma,momentum_roc10>5,hh_hl_uptrend,rs_beats_nifty"
June,MCX,2026-06-18,2026-07-01,8,5.1,TECHNICAL:near_ma_ambiguous,
June,MGL,2026-06-16,2026-06-22,4,5.1,base_breakout,"base_breakout,volume_thrust_2x,ma_stack_rising,pullback_in_uptrend,near_20d_high,above_rising_20sma,momentum_roc10>5,hh_hl_uptrend,strong_close,rs_beats_nifty"
June,NAUKRI,2026-06-19,2026-07-03,9,5.1,strong_close,strong_close
June,NCC,2026-06-04,2026-06-17,9,5.1,rs_beats_nifty,rs_beats_nifty
June,NESTLEIND,2026-06-24,2026-07-01,4,5.1,TECHNICAL:near_ma_ambiguous,
June,NEULANDLAB,2026-06-24,2026-07-02,5,5.1,volume_thrust_2x,"volume_thrust_2x,ma_stack_rising,above_rising_20sma,momentum_roc10>5,hh_hl_uptrend,rs_beats_nifty"
June,NSLNISP,2026-06-11,2026-06-15,2,5.1,ma_stack_rising,"ma_stack_rising,rs_beats_nifty"
June,NTPC,2026-06-15,2026-06-19,4,5.1,NEWS:analyst/rating,
June,ONESOURCE,2026-06-23,2026-06-30,4,5.1,TECHNICAL:near_ma_ambiguous,
June,PPLPHARMA,2026-06-10,2026-06-24,10,5.1,NEWS:regulatory/approval,
June,PWL,2026-06-01,2026-06-04,3,5.1,NEWS:earnings/results,
June,PWL,2026-06-16,2026-06-18,2,5.1,ma_stack_rising,"ma_stack_rising,pullback_in_uptrend,momentum_roc10>5,hh_hl_uptrend,rs_beats_nifty"
June,RPOWER,2026-06-23,2026-07-01,5,5.1,TECHNICAL:near_ma_ambiguous,
June,RVNL,2026-06-05,2026-06-18,9,5.1,TECHNICAL:deep_oversold_bounce,
June,SBILIFE,2026-06-11,2026-06-18,5,5.1,NO_NEWS_FOUND,
June,SRF,2026-06-29,2026-07-02,3,5.1,volume_thrust_2x,"volume_thrust_2x,ma_stack_rising"
June,SYRMA,2026-06-03,2026-06-09,4,5.1,ma_stack_rising,"ma_stack_rising,pullback_in_uptrend,near_20d_high,above_rising_20sma,momentum_roc10>5,hh_hl_uptrend,rs_beats_nifty"
June,TITAN,2026-06-01,2026-06-04,3,5.1,NEWS:earnings/results,
June,TORNTPHARM,2026-06-01,2026-06-11,8,5.1,ma_stack_rising,ma_stack_rising
June,TRENT,2026-06-18,2026-07-03,10,5.1,volume_thrust_2x,"volume_thrust_2x,near_20d_high,above_rising_20sma,momentum_roc10>5,hh_hl_uptrend,strong_close,rs_beats_nifty"
June,ULTRACEMCO,2026-06-05,2026-06-15,6,5.1,SECTOR_PEER_MOVE,
June,ABCAPITAL,2026-06-01,2026-06-15,10,5.0,ma_stack_rising,ma_stack_rising
June,ABDL,2026-06-15,2026-06-29,9,5.0,ma_stack_rising,"ma_stack_rising,above_rising_20sma,momentum_roc10>5,hh_hl_uptrend,rs_beats_nifty"
June,ABFRL,2026-06-10,2026-06-17,5,5.0,NEWS:m&a/stake/block_deal,
June,ACC,2026-06-30,2026-07-03,3,5.0,NEWS:earnings/results,
June,ADANIENSOL,2026-06-23,2026-07-03,7,5.0,ma_stack_rising,ma_stack_rising
June,ASTRAL,2026-06-11,2026-06-17,4,5.0,NEWS:m&a/stake/block_deal,
June,BAJAJHFL,2026-06-05,2026-06-19,10,5.0,hh_hl_uptrend,"hh_hl_uptrend,rs_beats_nifty"
June,BANDHANBNK,2026-06-02,2026-06-16,10,5.0,ma_stack_rising,"ma_stack_rising,above_rising_20sma,momentum_roc10>5,hh_hl_uptrend,rs_beats_nifty"
June,BSOFT,2026-06-11,2026-06-19,6,5.0,TECHNICAL:deep_oversold_bounce,
June,CHOICEIN,2026-06-01,2026-06-15,10,5.0,rs_beats_nifty,rs_beats_nifty
June,CHOICEIN,2026-06-16,2026-06-29,8,5.0,near_20d_high,"near_20d_high,above_rising_20sma,momentum_roc10>5,hh_hl_uptrend,rs_beats_nifty"
June,CHOLAFIN,2026-06-01,2026-06-12,9,5.0,SECTOR_PEER_MOVE,
June,CHOLAHLDNG,2026-06-16,2026-07-01,10,5.0,momentum_roc10>5,"momentum_roc10>5,hh_hl_uptrend,strong_close,rs_beats_nifty"
June,COFORGE,2026-06-09,2026-06-18,7,5.0,ma_stack_rising,"ma_stack_rising,above_rising_20sma,hh_hl_uptrend,rs_beats_nifty"
June,DABUR,2026-06-19,2026-07-01,7,5.0,NEWS:regulatory/approval,
June,DALBHARAT,2026-06-23,2026-07-03,7,5.0,NEWS:corp_action,
June,EMAMILTD,2026-06-25,2026-07-02,4,5.0,volume_thrust_2x,volume_thrust_2x
June,HUDCO,2026-06-03,2026-06-16,9,5.0,hh_hl_uptrend,"hh_hl_uptrend,rs_beats_nifty"
June,ITI,2026-06-08,2026-06-18,8,5.0,ma_stack_rising,"ma_stack_rising,hh_hl_uptrend,rs_beats_nifty"
June,JBCHEPHARM,2026-06-16,2026-06-29,8,5.0,ma_stack_rising,"ma_stack_rising,above_rising_20sma,hh_hl_uptrend,rs_beats_nifty"
June,KIRLOSENG,2026-06-02,2026-06-04,2,5.0,ma_stack_rising,"ma_stack_rising,above_rising_20sma,momentum_roc10>5,hh_hl_uptrend,rs_beats_nifty"
June,LTFOODS,2026-06-10,2026-06-18,6,5.0,NO_NEWS_FOUND,
June,MAXHEALTH,2026-06-19,2026-06-29,5,5.0,ma_stack_rising,"ma_stack_rising,pullback_in_uptrend,near_20d_high,momentum_roc10>5,hh_hl_uptrend,rs_beats_nifty,stage2_breakout"
June,NYKAA,2026-06-04,2026-06-17,9,5.0,NEWS:earnings/results,
June,PNBHOUSING,2026-06-10,2026-06-15,3,5.0,TECHNICAL:near_ma_ambiguous,
June,POWERINDIA,2026-06-02,2026-06-05,3,5.0,ma_stack_rising,"ma_stack_rising,above_rising_20sma,momentum_roc10>5,hh_hl_uptrend,rs_beats_nifty"
June,RRKABEL,2026-06-19,2026-06-24,3,5.0,ma_stack_rising,"ma_stack_rising,above_rising_20sma,hh_hl_uptrend,strong_close,rs_beats_nifty"
June,SJVN,2026-06-11,2026-06-17,4,5.0,NEWS:m&a/stake/block_deal,
June,SUNPHARMA,2026-06-09,2026-06-23,10,5.0,TECHNICAL:near_ma_ambiguous,
June,UBL,2026-06-01,2026-06-04,3,5.0,SECTOR_PEER_MOVE,
June,VTL,2026-06-25,2026-07-03,5,5.0,ma_stack_rising,"ma_stack_rising,above_rising_20sma,hh_hl_uptrend"
May,JPPOWER,2026-05-18,2026-05-27,7,20.1,rs_beats_nifty,rs_beats_nifty
May,NETWEB,2026-05-14,2026-05-29,10,19.5,ma_stack_rising,ma_stack_rising
May,IFCI,2026-05-29,2026-06-03,3,17.4,ma_stack_rising,"ma_stack_rising,near_20d_high,above_rising_20sma,momentum_roc10>5,hh_hl_uptrend,rs_beats_nifty"
May,FSL,2026-05-07,2026-05-08,1,16.6,above_rising_20sma,"above_rising_20sma,hh_hl_uptrend,rs_beats_nifty"
May,WOCKPHARMA,2026-05-27,2026-05-29,1,14.7,ma_stack_rising,"ma_stack_rising,pullback_in_uptrend,near_20d_high,above_rising_20sma,momentum_roc10>5,hh_hl_uptrend,strong_close,rs_beats_nifty"
May,HONAUT,2026-05-07,2026-05-21,10,14.2,TECHNICAL:near_ma_ambiguous,
May,KPRMILL,2026-05-20,2026-06-03,9,13.3,ma_stack_rising,"ma_stack_rising,above_rising_20sma,hh_hl_uptrend,strong_close,rs_beats_nifty"
May,NSLNISP,2026-05-29,2026-06-01,1,13.2,ma_stack_rising,"ma_stack_rising,above_rising_20sma"
May,NEWGEN,2026-05-18,2026-06-02,10,12.9,TECHNICAL:deep_oversold_bounce,
May,MAPMYINDIA,2026-05-08,2026-05-11,1,12.6,above_rising_20sma,"above_rising_20sma,hh_hl_uptrend,rs_beats_nifty"
May,GLAND,2026-05-11,2026-05-18,5,12.4,ma_stack_rising,"ma_stack_rising,pullback_in_uptrend,near_20d_high,above_rising_20sma,momentum_roc10>5,hh_hl_uptrend,rs_beats_nifty,stage2_breakout"
May,HFCL,2026-05-04,2026-05-06,2,12.2,volume_thrust_2x,"volume_thrust_2x,ma_stack_rising,near_20d_high,above_rising_20sma,momentum_roc10>5,hh_hl_uptrend,strong_close,rs_beats_nifty,gap_up"
May,TEGA,2026-05-14,2026-05-29,10,12.0,NEWS:earnings/results,
May,AIAENG,2026-05-20,2026-05-27,5,11.8,ma_stack_rising,"ma_stack_rising,hh_hl_uptrend,rs_beats_nifty"
May,KIRLOSENG,2026-05-12,2026-05-15,3,11.5,ma_stack_rising,ma_stack_rising
May,BELRISE,2026-05-25,2026-06-09,10,11.4,volume_thrust_2x,"volume_thrust_2x,ma_stack_rising"
May,AEGISVOPAK,2026-05-29,2026-06-12,10,11.1,ma_stack_rising,ma_stack_rising
May,DATAPATTNS,2026-05-26,2026-06-09,9,11.1,ma_stack_rising,"ma_stack_rising,pullback_in_uptrend,above_rising_20sma,hh_hl_uptrend"
May,JSWCEMENT,2026-05-08,2026-05-22,10,10.8,ma_stack_rising,ma_stack_rising
May,AIIL,2026-05-29,2026-06-12,10,10.7,ma_stack_rising,ma_stack_rising
May,ACMESOLAR,2026-05-26,2026-06-02,4,10.6,ma_stack_rising,"ma_stack_rising,momentum_roc10>5,hh_hl_uptrend,rs_beats_nifty"
May,SAREGAMA,2026-05-15,2026-06-01,10,10.6,volume_thrust_2x,"volume_thrust_2x,ma_stack_rising,pullback_in_uptrend,near_20d_high,above_rising_20sma,momentum_roc10>5,hh_hl_uptrend,rs_beats_nifty"
May,GESHIP,2026-05-04,2026-05-18,10,10.4,ma_stack_rising,"ma_stack_rising,above_rising_20sma,momentum_roc10>5,hh_hl_uptrend,rs_beats_nifty"
May,OLAELEC,2026-05-26,2026-05-29,2,10.4,ma_stack_rising,"ma_stack_rising,near_20d_high,momentum_roc10>5,hh_hl_uptrend,rs_beats_nifty"
May,CCL,2026-05-22,2026-06-08,10,10.2,volume_thrust_2x,volume_thrust_2x
May,HFCL,2026-05-12,2026-05-25,9,10.2,ma_stack_rising,"ma_stack_rising,above_rising_20sma,momentum_roc10>5,hh_hl_uptrend,rs_beats_nifty"
May,PTCIL,2026-05-15,2026-06-01,10,10.1,above_rising_20sma,"above_rising_20sma,hh_hl_uptrend,strong_close,rs_beats_nifty"
May,CPPLUS,2026-05-27,2026-05-29,1,10.0,ma_stack_rising,"ma_stack_rising,above_rising_20sma,momentum_roc10>5,hh_hl_uptrend,rs_beats_nifty"
May,KIMS,2026-05-07,2026-05-11,2,10.0,ma_stack_rising,"ma_stack_rising,pullback_in_uptrend,near_20d_high,above_rising_20sma,hh_hl_uptrend,rs_beats_nifty"
May,TBOTEK,2026-05-29,2026-06-12,10,10.0,volume_thrust_2x,"volume_thrust_2x,hh_hl_uptrend,rs_beats_nifty"
May,DEEPAKFERT,2026-05-08,2026-05-22,10,9.8,ma_stack_rising,"ma_stack_rising,near_20d_high,above_rising_20sma,momentum_roc10>5,hh_hl_uptrend,rs_beats_nifty"
May,EMMVEE,2026-05-12,2026-05-25,9,9.8,ma_stack_rising,"ma_stack_rising,hh_hl_uptrend,rs_beats_nifty"
May,ADANIENSOL,2026-05-25,2026-05-27,2,9.7,ma_stack_rising,"ma_stack_rising,pullback_in_uptrend,above_rising_20sma,hh_hl_uptrend,strong_close,rs_beats_nifty"
May,TTML,2026-05-21,2026-06-05,10,9.4,NEWS:earnings/results,
May,ADANIENT,2026-05-15,2026-05-26,7,9.3,volume_thrust_2x,"volume_thrust_2x,ma_stack_rising,near_20d_high,above_rising_20sma,momentum_roc10>5,hh_hl_uptrend,rs_beats_nifty"
May,FINCABLES,2026-05-06,2026-05-08,2,9.2,ma_stack_rising,"ma_stack_rising,above_rising_20sma,momentum_roc10>5,hh_hl_uptrend,rs_beats_nifty"
May,FINCABLES,2026-05-13,2026-05-27,10,9.2,ma_stack_rising,"ma_stack_rising,above_rising_20sma,momentum_roc10>5,hh_hl_uptrend,rs_beats_nifty"
May,JSWENERGY,2026-05-22,2026-05-27,3,9.2,ma_stack_rising,"ma_stack_rising,pullback_in_uptrend"
May,TIINDIA,2026-05-13,2026-05-27,10,9.2,ma_stack_rising,"ma_stack_rising,above_rising_20sma,rs_beats_nifty"
May,HONASA,2026-05-11,2026-05-22,9,8.9,ma_stack_rising,"ma_stack_rising,above_rising_20sma,hh_hl_uptrend,rs_beats_nifty"
May,TEJASNET,2026-05-12,2026-05-26,10,8.8,ma_stack_rising,"ma_stack_rising,above_rising_20sma,momentum_roc10>5,hh_hl_uptrend,rs_beats_nifty"
May,CHENNPETRO,2026-05-15,2026-06-01,10,8.7,NO_NEWS_FOUND,
May,HSCL,2026-05-21,2026-06-04,9,8.7,TECHNICAL:near_ma_ambiguous,
May,ZENTEC,2026-05-29,2026-06-04,4,8.7,ma_stack_rising,"ma_stack_rising,momentum_roc10>5,hh_hl_uptrend,rs_beats_nifty"
May,ENRIN,2026-05-06,2026-05-20,10,8.6,ma_stack_rising,"ma_stack_rising,above_rising_20sma,rs_beats_nifty"
May,HEXT,2026-05-25,2026-06-02,5,8.6,above_rising_20sma,"above_rising_20sma,hh_hl_uptrend"
May,CAPLIPOINT,2026-05-25,2026-06-09,10,8.5,ma_stack_rising,"ma_stack_rising,near_20d_high,above_rising_20sma,momentum_roc10>5,hh_hl_uptrend,strong_close,rs_beats_nifty"
May,DIXON,2026-05-08,2026-05-22,10,8.5,ma_stack_rising,ma_stack_rising
May,IDEA,2026-05-07,2026-05-11,2,8.5,ma_stack_rising,"ma_stack_rising,above_rising_20sma,momentum_roc10>5,hh_hl_uptrend,rs_beats_nifty,stage2_breakout"
May,JKTYRE,2026-05-13,2026-05-27,10,8.5,TECHNICAL:deep_oversold_bounce,
May,LTM,2026-05-14,2026-05-19,3,8.5,volume_thrust_2x,volume_thrust_2x
May,SAMMAANCAP,2026-05-08,2026-05-22,10,8.5,ma_stack_rising,"ma_stack_rising,hh_hl_uptrend,rs_beats_nifty,stage2_breakout"
May,BHEL,2026-05-05,2026-05-07,2,8.4,ma_stack_rising,"ma_stack_rising,above_rising_20sma,momentum_roc10>5,hh_hl_uptrend,rs_beats_nifty"
May,CAPLIPOINT,2026-05-07,2026-05-14,5,8.4,ma_stack_rising,"ma_stack_rising,pullback_in_uptrend,near_20d_high,above_rising_20sma,momentum_roc10>5,hh_hl_uptrend,rs_beats_nifty"
May,COFORGE,2026-05-20,2026-06-02,8,8.4,ma_stack_rising,"ma_stack_rising,above_rising_20sma,momentum_roc10>5,hh_hl_uptrend,rs_beats_nifty"
May,THERMAX,2026-05-14,2026-05-29,10,8.4,ma_stack_rising,"ma_stack_rising,above_rising_20sma,momentum_roc10>5,hh_hl_uptrend,strong_close,rs_beats_nifty"
May,GPIL,2026-05-12,2026-05-20,6,8.3,ma_stack_rising,ma_stack_rising
May,WOCKPHARMA,2026-05-12,2026-05-26,10,8.3,ma_stack_rising,"ma_stack_rising,above_rising_20sma,momentum_roc10>5,hh_hl_uptrend,rs_beats_nifty"
May,ATGL,2026-05-25,2026-05-26,1,8.2,ma_stack_rising,"ma_stack_rising,pullback_in_uptrend,above_rising_20sma,momentum_roc10>5,hh_hl_uptrend,rs_beats_nifty"
May,BLUEJET,2026-05-12,2026-05-25,9,8.2,ma_stack_rising,"ma_stack_rising,above_rising_20sma,rs_beats_nifty"
May,IDEA,2026-05-22,2026-06-03,7,8.2,ma_stack_rising,"ma_stack_rising,near_20d_high,above_rising_20sma,momentum_roc10>5,hh_hl_uptrend,rs_beats_nifty"
May,APARINDS,2026-05-13,2026-05-27,10,8.1,ma_stack_rising,"ma_stack_rising,above_rising_20sma,hh_hl_uptrend,rs_beats_nifty"
May,BERGEPAINT,2026-05-11,2026-05-14,3,8.1,ma_stack_rising,"ma_stack_rising,above_rising_20sma,momentum_roc10>5,hh_hl_uptrend,rs_beats_nifty"
May,CARTRADE,2026-05-19,2026-06-03,10,8.1,above_rising_20sma,"above_rising_20sma,momentum_roc10>5,hh_hl_uptrend,rs_beats_nifty"
May,ELGIEQUIP,2026-05-12,2026-05-20,6,8.1,ma_stack_rising,ma_stack_rising
May,IIFL,2026-05-12,2026-05-25,9,8.1,hh_hl_uptrend,"hh_hl_uptrend,rs_beats_nifty"
May,KEC,2026-05-19,2026-05-25,4,8.1,volume_thrust_2x,volume_thrust_2x
May,ATHERENERG,2026-05-06,2026-05-11,3,8.0,ma_stack_rising,"ma_stack_rising,above_rising_20sma,rs_beats_nifty"
May,ADANIENT,2026-05-07,2026-05-14,5,7.9,ma_stack_rising,"ma_stack_rising,near_20d_high,above_rising_20sma,momentum_roc10>5,hh_hl_uptrend,rs_beats_nifty"
May,CEMPRO,2026-05-27,2026-05-29,1,7.9,ma_stack_rising,"ma_stack_rising,pullback_in_uptrend,near_20d_high,above_rising_20sma,momentum_roc10>5,hh_hl_uptrend,strong_close,rs_beats_nifty"
May,IDEA,2026-05-12,2026-05-13,1,7.9,ma_stack_rising,"ma_stack_rising,above_rising_20sma,momentum_roc10>5,hh_hl_uptrend,rs_beats_nifty,stage2_breakout"
May,RRKABEL,2026-05-05,2026-05-07,2,7.9,ma_stack_rising,"ma_stack_rising,pullback_in_uptrend,near_20d_high,above_rising_20sma,momentum_roc10>5,hh_hl_uptrend,rs_beats_nifty"
May,SCHNEIDER,2026-05-12,2026-05-25,9,7.9,ma_stack_rising,"ma_stack_rising,above_rising_20sma,momentum_roc10>5,hh_hl_uptrend,rs_beats_nifty"
May,GMDCLTD,2026-05-12,2026-05-26,10,7.8,NO_NEWS_FOUND,
May,JSWDULUX,2026-05-14,2026-05-29,10,7.8,rs_beats_nifty,rs_beats_nifty
May,KPITTECH,2026-05-21,2026-06-02,7,7.8,hh_hl_uptrend,"hh_hl_uptrend,rs_beats_nifty"
May,RADICO,2026-05-05,2026-05-19,10,7.8,ma_stack_rising,"ma_stack_rising,above_rising_20sma,rs_beats_nifty"
May,SAILIFE,2026-05-26,2026-06-09,9,7.8,ma_stack_rising,"ma_stack_rising,above_rising_20sma,momentum_roc10>5,hh_hl_uptrend,rs_beats_nifty"
May,ASAHIINDIA,2026-05-25,2026-05-27,2,7.7,hh_hl_uptrend,"hh_hl_uptrend,rs_beats_nifty"
May,DEEPAKFERT,2026-05-29,2026-06-09,7,7.7,ma_stack_rising,"ma_stack_rising,above_rising_20sma,momentum_roc10>5,hh_hl_uptrend,rs_beats_nifty"
May,HINDALCO,2026-05-15,2026-05-27,8,7.7,ma_stack_rising,"ma_stack_rising,above_rising_20sma,hh_hl_uptrend,rs_beats_nifty"
May,J&KBANK,2026-05-12,2026-05-21,7,7.7,ma_stack_rising,"ma_stack_rising,hh_hl_uptrend,rs_beats_nifty"
May,JWL,2026-05-12,2026-05-25,9,7.7,ma_stack_rising,ma_stack_rising
May,ENDURANCE,2026-05-08,2026-05-22,10,7.6,above_rising_20sma,"above_rising_20sma,momentum_roc10>5,hh_hl_uptrend,rs_beats_nifty"
May,IPCALAB,2026-05-04,2026-05-18,10,7.6,ma_stack_rising,"ma_stack_rising,hh_hl_uptrend,rs_beats_nifty,stage2_breakout"
May,KIRLOSENG,2026-05-18,2026-05-27,7,7.6,ma_stack_rising,"ma_stack_rising,above_rising_20sma,rs_beats_nifty"
May,HFCL,2026-05-26,2026-05-27,1,7.5,ma_stack_rising,"ma_stack_rising,near_20d_high,above_rising_20sma,momentum_roc10>5,hh_hl_uptrend,rs_beats_nifty"
May,TITAGARH,2026-05-12,2026-05-25,9,7.5,ma_stack_rising,"ma_stack_rising,above_rising_20sma"
May,TRITURBINE,2026-05-20,2026-05-21,1,7.5,volume_thrust_2x,"volume_thrust_2x,ma_stack_rising,pullback_in_uptrend,near_20d_high,above_rising_20sma,momentum_roc10>5,hh_hl_uptrend,strong_close,rs_beats_nifty"
May,FSL,2026-05-11,2026-05-25,10,7.4,above_rising_20sma,"above_rising_20sma,momentum_roc10>5,hh_hl_uptrend,rs_beats_nifty"
May,JBMA,2026-05-19,2026-06-03,10,7.4,ma_stack_rising,"ma_stack_rising,pullback_in_uptrend,hh_hl_uptrend,rs_beats_nifty"
May,LALPATHLAB,2026-05-05,2026-05-08,3,7.4,ma_stack_rising,"ma_stack_rising,above_rising_20sma,momentum_roc10>5,hh_hl_uptrend,rs_beats_nifty"
May,LALPATHLAB,2026-05-12,2026-05-19,5,7.4,ma_stack_rising,"ma_stack_rising,above_rising_20sma,momentum_roc10>5,hh_hl_uptrend,rs_beats_nifty"
May,NMDC,2026-05-11,2026-05-14,3,7.4,ma_stack_rising,ma_stack_rising
May,POLICYBZR,2026-05-05,2026-05-19,10,7.4,ma_stack_rising,"ma_stack_rising,above_rising_20sma,hh_hl_uptrend,strong_close,rs_beats_nifty"
May,TMPV,2026-05-25,2026-05-27,2,7.4,ma_stack_rising,"ma_stack_rising,pullback_in_uptrend,near_20d_high,above_rising_20sma,momentum_roc10>5,hh_hl_uptrend,strong_close,rs_beats_nifty,stage2_breakout"
May,VIJAYA,2026-05-06,2026-05-08,2,7.4,volume_thrust_2x,"volume_thrust_2x,ma_stack_rising,near_20d_high,above_rising_20sma,momentum_roc10>5,hh_hl_uptrend,strong_close,rs_beats_nifty"
May,AJANTPHARM,2026-05-29,2026-06-11,9,7.3,TECHNICAL:near_ma_ambiguous,
May,HONASA,2026-05-25,2026-05-27,2,7.3,ma_stack_rising,"ma_stack_rising,pullback_in_uptrend,above_rising_20sma,momentum_roc10>5,hh_hl_uptrend,strong_close,rs_beats_nifty"
May,IDFCFIRSTB,2026-05-29,2026-06-12,10,7.3,volume_thrust_2x,"volume_thrust_2x,near_20d_high,above_rising_20sma,hh_hl_uptrend,rs_beats_nifty"
May,NATIONALUM,2026-05-15,2026-05-27,8,7.3,hh_hl_uptrend,"hh_hl_uptrend,rs_beats_nifty"
May,TATACHEM,2026-05-18,2026-05-26,6,7.3,ma_stack_rising,ma_stack_rising
May,COROMANDEL,2026-05-29,2026-06-10,8,7.2,volume_thrust_2x,volume_thrust_2x
May,ENGINERSIN,2026-05-12,2026-05-14,2,7.2,ma_stack_rising,ma_stack_rising
May,KPRMILL,2026-05-14,2026-05-19,3,7.2,NEWS:earnings/results,
May,LICI,2026-05-12,2026-05-25,9,7.2,NEWS:management/leadership,
May,NATCOPHARM,2026-05-05,2026-05-11,4,7.2,ma_stack_rising,"ma_stack_rising,pullback_in_uptrend,near_20d_high,above_rising_20sma,hh_hl_uptrend,rs_beats_nifty"
May,TCS,2026-05-18,2026-06-02,10,7.2,strong_close,strong_close
May,TECHM,2026-05-20,2026-06-01,7,7.2,rs_beats_nifty,rs_beats_nifty
May,ANGELONE,2026-05-11,2026-05-21,8,7.1,ma_stack_rising,"ma_stack_rising,above_rising_20sma,hh_hl_uptrend,rs_beats_nifty"
May,BPCL,2026-05-12,2026-05-25,9,7.1,NEWS:earnings/results,
May,CROMPTON,2026-05-12,2026-05-15,3,7.1,ma_stack_rising,"ma_stack_rising,above_rising_20sma,momentum_roc10>5,hh_hl_uptrend,rs_beats_nifty"
May,FORCEMOT,2026-05-04,2026-05-07,3,7.1,NEWS:earnings/results,
May,MAPMYINDIA,2026-05-29,2026-06-09,7,7.1,TECHNICAL:deep_oversold_bounce,
May,PETRONET,2026-05-15,2026-05-25,6,7.1,NEWS:earnings/results,
May,VEDL,2026-05-15,2026-05-27,8,7.1,momentum_roc10>5,"momentum_roc10>5,hh_hl_uptrend,rs_beats_nifty"
May,ABFRL,2026-05-12,2026-05-21,7,7.0,rs_beats_nifty,rs_beats_nifty
May,CANBK,2026-05-18,2026-05-25,5,7.0,NEWS:earnings/results,
May,IOC,2026-05-15,2026-05-25,6,7.0,volume_thrust_2x,volume_thrust_2x
May,JUBLFOOD,2026-05-12,2026-05-19,5,7.0,NO_NEWS_FOUND,
May,MOTHERSON,2026-05-22,2026-05-29,4,7.0,ma_stack_rising,"ma_stack_rising,above_rising_20sma,hh_hl_uptrend,rs_beats_nifty"
May,NIVABUPA,2026-05-14,2026-05-22,6,7.0,ma_stack_rising,"ma_stack_rising,above_rising_20sma,hh_hl_uptrend,rs_beats_nifty"
May,OLAELEC,2026-05-05,2026-05-11,4,7.0,ma_stack_rising,ma_stack_rising
May,SAPPHIRE,2026-05-12,2026-05-19,5,7.0,rs_beats_nifty,rs_beats_nifty
May,SWIGGY,2026-05-13,2026-05-27,10,7.0,TECHNICAL:deep_oversold_bounce,
May,TRITURBINE,2026-05-25,2026-05-29,3,7.0,ma_stack_rising,"ma_stack_rising,above_rising_20sma,momentum_roc10>5,hh_hl_uptrend,rs_beats_nifty"
May,ZENTEC,2026-05-13,2026-05-27,10,7.0,ma_stack_rising,"ma_stack_rising,pullback_in_uptrend"
May,AARTIIND,2026-05-13,2026-05-27,10,6.9,ma_stack_rising,"ma_stack_rising,pullback_in_uptrend"
May,AEGISLOG,2026-05-22,2026-06-01,5,6.9,ma_stack_rising,"ma_stack_rising,hh_hl_uptrend,rs_beats_nifty"
May,BALRAMCHIN,2026-05-29,2026-06-08,6,6.9,TECHNICAL:near_ma_ambiguous,
May,COFORGE,2026-05-12,2026-05-19,5,6.9,above_rising_20sma,"above_rising_20sma,momentum_roc10>5,hh_hl_uptrend,rs_beats_nifty"
May,GESHIP,2026-05-29,2026-06-02,2,6.9,TECHNICAL:near_ma_ambiguous,
May,INDIGO,2026-05-29,2026-06-12,10,6.9,hh_hl_uptrend,"hh_hl_uptrend,rs_beats_nifty"
May,MINDACORP,2026-05-08,2026-05-22,10,6.9,above_rising_20sma,above_rising_20sma
May,MMTC,2026-05-20,2026-06-04,10,6.9,NO_NEWS_FOUND,
May,MPHASIS,2026-05-27,2026-06-02,3,6.9,hh_hl_uptrend,"hh_hl_uptrend,rs_beats_nifty"
May,SYNGENE,2026-05-05,2026-05-11,4,6.9,above_rising_20sma,"above_rising_20sma,hh_hl_uptrend,rs_beats_nifty"
May,TRITURBINE,2026-05-18,2026-05-19,1,6.9,ma_stack_rising,"ma_stack_rising,above_rising_20sma,hh_hl_uptrend,rs_beats_nifty"
May,VIJAYA,2026-05-20,2026-06-04,10,6.9,ma_stack_rising,"ma_stack_rising,above_rising_20sma,momentum_roc10>5,hh_hl_uptrend,rs_beats_nifty"
May,ZENSARTECH,2026-05-18,2026-06-02,10,6.9,strong_close,strong_close
May,AFCONS,2026-05-18,2026-05-29,8,6.8,ma_stack_rising,ma_stack_rising
May,HINDPETRO,2026-05-11,2026-05-25,10,6.8,above_rising_20sma,"above_rising_20sma,hh_hl_uptrend,rs_beats_nifty"
May,NUVOCO,2026-05-14,2026-05-29,10,6.8,above_rising_20sma,"above_rising_20sma,momentum_roc10>5,hh_hl_uptrend,strong_close,rs_beats_nifty"
May,PATANJALI,2026-05-12,2026-05-19,5,6.8,NEWS:earnings/results,
May,PNB,2026-05-18,2026-05-25,5,6.8,volume_thrust_2x,volume_thrust_2x
May,SARDAEN,2026-05-29,2026-06-05,5,6.8,NEWS:earnings/results,
May,AIAENG,2026-05-12,2026-05-19,5,6.7,ma_stack_rising,ma_stack_rising
May,BHARTIHEXA,2026-05-04,2026-05-18,10,6.7,NO_NEWS_FOUND,
May,CLEAN,2026-05-18,2026-05-29,8,6.7,NEWS:earnings/results,
May,ICICIBANK,2026-05-29,2026-06-12,10,6.7,hh_hl_uptrend,"hh_hl_uptrend,rs_beats_nifty"
May,OLAELEC,2026-05-21,2026-05-25,2,6.7,ma_stack_rising,"ma_stack_rising,hh_hl_uptrend,rs_beats_nifty"
May,OLECTRA,2026-05-18,2026-06-02,10,6.7,ma_stack_rising,ma_stack_rising
May,TATATECH,2026-05-20,2026-05-27,5,6.7,ma_stack_rising,"ma_stack_rising,pullback_in_uptrend,near_20d_high,above_rising_20sma,momentum_roc10>5,hh_hl_uptrend,strong_close,rs_beats_nifty"
May,TENNIND,2026-05-19,2026-05-25,4,6.7,NO_NEWS_FOUND,
May,ZYDUSWELL,2026-05-22,2026-06-08,10,6.7,NEWS:earnings/results,
May,ABCAPITAL,2026-05-12,2026-05-25,9,6.6,ma_stack_rising,"ma_stack_rising,rs_beats_nifty"
May,APOLLOTYRE,2026-05-18,2026-05-27,7,6.6,TECHNICAL:deep_oversold_bounce,
May,GLENMARK,2026-05-12,2026-05-19,5,6.6,ma_stack_rising,"ma_stack_rising,rs_beats_nifty"
May,INFY,2026-05-13,2026-05-19,4,6.6,TECHNICAL:deep_oversold_bounce,
May,LODHA,2026-05-05,2026-05-07,2,6.6,above_rising_20sma,"above_rising_20sma,momentum_roc10>5,hh_hl_uptrend,rs_beats_nifty"
May,MINDACORP,2026-05-25,2026-05-27,2,6.6,volume_thrust_2x,"volume_thrust_2x,ma_stack_rising,pullback_in_uptrend,near_20d_high,above_rising_20sma,momentum_roc10>5,hh_hl_uptrend,rs_beats_nifty"
May,POLYCAB,2026-05-12,2026-05-26,10,6.6,ma_stack_rising,"ma_stack_rising,above_rising_20sma,momentum_roc10>5,hh_hl_uptrend,rs_beats_nifty"
May,REDINGTON,2026-05-18,2026-06-01,9,6.6,rs_beats_nifty,rs_beats_nifty
May,ZYDUSLIFE,2026-05-12,2026-05-14,2,6.6,ma_stack_rising,"ma_stack_rising,above_rising_20sma,rs_beats_nifty"
May,ADANIENSOL,2026-05-12,2026-05-22,8,6.5,ma_stack_rising,ma_stack_rising
May,CGCL,2026-05-14,2026-05-29,10,6.5,ma_stack_rising,"ma_stack_rising,pullback_in_uptrend,hh_hl_uptrend,rs_beats_nifty"
May,FORTIS,2026-05-29,2026-06-08,6,6.5,volume_thrust_2x,"volume_thrust_2x,ma_stack_rising"
May,HINDCOPPER,2026-05-08,2026-05-14,4,6.5,ma_stack_rising,"ma_stack_rising,above_rising_20sma,hh_hl_uptrend,rs_beats_nifty"
May,INFY,2026-05-20,2026-06-02,8,6.5,hh_hl_uptrend,"hh_hl_uptrend,rs_beats_nifty"
May,KAYNES,2026-05-18,2026-05-22,4,6.5,TECHNICAL:deep_oversold_bounce,
May,PIRAMALFIN,2026-05-04,2026-05-08,4,6.5,ma_stack_rising,"ma_stack_rising,above_rising_20sma,momentum_roc10>5,hh_hl_uptrend,rs_beats_nifty,stage2_breakout"
May,TATATECH,2026-05-06,2026-05-19,9,6.5,ma_stack_rising,"ma_stack_rising,above_rising_20sma,momentum_roc10>5,hh_hl_uptrend,rs_beats_nifty"
May,ASTRAL,2026-05-19,2026-05-22,3,6.4,volume_thrust_2x,volume_thrust_2x
May,BSE,2026-05-05,2026-05-07,2,6.4,ma_stack_rising,"ma_stack_rising,near_20d_high,above_rising_20sma,momentum_roc10>5,hh_hl_uptrend,rs_beats_nifty"
May,ECLERX,2026-05-15,2026-05-22,5,6.4,hh_hl_uptrend,"hh_hl_uptrend,rs_beats_nifty"
May,IFCI,2026-05-12,2026-05-13,1,6.4,ma_stack_rising,"ma_stack_rising,above_rising_20sma,rs_beats_nifty"
May,JBCHEPHARM,2026-05-13,2026-05-25,8,6.4,ma_stack_rising,"ma_stack_rising,above_rising_20sma,rs_beats_nifty"
May,JYOTICNC,2026-05-29,2026-06-05,5,6.4,volume_thrust_2x,volume_thrust_2x
May,LEMONTREE,2026-05-13,2026-05-27,10,6.4,NEWS:earnings/results,
May,POWERINDIA,2026-05-06,2026-05-20,10,6.4,ma_stack_rising,"ma_stack_rising,above_rising_20sma,momentum_roc10>5,hh_hl_uptrend,rs_beats_nifty"
May,PWL,2026-05-05,2026-05-14,7,6.4,ma_stack_rising,"ma_stack_rising,above_rising_20sma,rs_beats_nifty"
May,TATACOMM,2026-05-18,2026-05-20,2,6.4,ma_stack_rising,"ma_stack_rising,pullback_in_uptrend,above_rising_20sma,momentum_roc10>5,hh_hl_uptrend,strong_close,rs_beats_nifty"
May,TORNTPHARM,2026-05-13,2026-05-25,8,6.4,ma_stack_rising,"ma_stack_rising,above_rising_20sma,rs_beats_nifty"
May,VEDL,2026-05-05,2026-05-13,6,6.4,strong_close,strong_close
May,ADANIGREEN,2026-05-05,2026-05-14,7,6.3,ma_stack_rising,"ma_stack_rising,near_20d_high,above_rising_20sma,momentum_roc10>5,hh_hl_uptrend,strong_close,rs_beats_nifty"
May,AMBER,2026-05-22,2026-06-05,9,6.3,TECHNICAL:near_ma_ambiguous,
May,BSOFT,2026-05-26,2026-06-02,4,6.3,TECHNICAL:deep_oversold_bounce,
May,CEMPRO,2026-05-05,2026-05-07,2,6.3,ma_stack_rising,"ma_stack_rising,above_rising_20sma,momentum_roc10>5,hh_hl_uptrend,rs_beats_nifty"
May,EICHERMOT,2026-05-13,2026-05-25,8,6.3,rs_beats_nifty,rs_beats_nifty
May,GRASIM,2026-05-08,2026-05-21,9,6.3,ma_stack_rising,"ma_stack_rising,pullback_in_uptrend,near_20d_high,above_rising_20sma,momentum_roc10>5,hh_hl_uptrend,strong_close,rs_beats_nifty,stage2_breakout"
May,GVT&D,2026-05-21,2026-05-27,4,6.3,ma_stack_rising,"ma_stack_rising,pullback_in_uptrend,near_20d_high,above_rising_20sma,hh_hl_uptrend,rs_beats_nifty"
May,INTELLECT,2026-05-15,2026-06-01,10,6.3,NEWS:earnings/results,
May,UNIONBANK,2026-05-18,2026-05-25,5,6.3,NEWS:earnings/results,
May,ARE&M,2026-05-12,2026-05-25,9,6.2,ma_stack_rising,ma_stack_rising
May,ELECON,2026-05-12,2026-05-22,8,6.2,ma_stack_rising,"ma_stack_rising,above_rising_20sma,rs_beats_nifty"
May,J&KBANK,2026-05-22,2026-06-03,7,6.2,ma_stack_rising,"ma_stack_rising,above_rising_20sma,rs_beats_nifty"
May,LTF,2026-05-21,2026-05-29,5,6.2,NEWS:corp_action,
May,SIGNATURE,2026-05-26,2026-05-29,2,6.2,NEWS:earnings/results,
May,ABB,2026-05-26,2026-05-27,1,6.1,momentum_roc10>5,"momentum_roc10>5,hh_hl_uptrend,strong_close,rs_beats_nifty"
May,BHARTIARTL,2026-05-04,2026-05-18,10,6.1,NO_NEWS_FOUND,
May,BLS,2026-05-15,2026-05-20,3,6.1,NO_NEWS_FOUND,
May,CARBORUNIV,2026-05-11,2026-05-15,4,6.1,ma_stack_rising,"ma_stack_rising,near_20d_high,above_rising_20sma,momentum_roc10>5,hh_hl_uptrend,strong_close,rs_beats_nifty"
May,GODREJPROP,2026-05-18,2026-05-27,7,6.1,strong_close,strong_close
May,GROWW,2026-05-29,2026-06-05,5,6.1,NEWS:litigation/penalty,
May,ITI,2026-05-12,2026-05-26,10,6.1,ma_stack_rising,ma_stack_rising
May,KFINTECH,2026-05-15,2026-05-29,9,6.1,TECHNICAL:deep_oversold_bounce,
May,NBCC,2026-05-29,2026-06-05,5,6.1,ma_stack_rising,"ma_stack_rising,pullback_in_uptrend,above_rising_20sma,hh_hl_uptrend,rs_beats_nifty"
May,SUMICHEM,2026-05-20,2026-05-26,4,6.1,ma_stack_rising,"ma_stack_rising,above_rising_20sma"
May,TATATECH,2026-05-29,2026-06-04,4,6.1,ma_stack_rising,"ma_stack_rising,above_rising_20sma,momentum_roc10>5,hh_hl_uptrend,rs_beats_nifty"
May,TBOTEK,2026-05-18,2026-05-21,3,6.1,TECHNICAL:deep_oversold_bounce,
May,TECHNOE,2026-05-08,2026-05-22,10,6.1,ma_stack_rising,"ma_stack_rising,above_rising_20sma,rs_beats_nifty"
May,TRENT,2026-05-12,2026-05-22,8,6.1,NEWS:corp_action,
May,YESBANK,2026-05-18,2026-05-29,8,6.1,ma_stack_rising,"ma_stack_rising,above_rising_20sma,momentum_roc10>5,strong_close,rs_beats_nifty,stage2_breakout"
May,ZENTEC,2026-05-04,2026-05-07,3,6.1,volume_thrust_2x,"volume_thrust_2x,ma_stack_rising,strong_close"
May,ZYDUSLIFE,2026-05-15,2026-05-25,6,6.1,ma_stack_rising,"ma_stack_rising,pullback_in_uptrend,near_20d_high,above_rising_20sma,momentum_roc10>5,hh_hl_uptrend,strong_close,rs_beats_nifty,stage2_breakout"
May,360ONE,2026-05-12,2026-05-25,9,6.0,ma_stack_rising,"ma_stack_rising,above_rising_20sma,hh_hl_uptrend,rs_beats_nifty"
May,AEGISLOG,2026-05-11,2026-05-21,8,6.0,ma_stack_rising,ma_stack_rising
May,AIIL,2026-05-18,2026-05-21,3,6.0,ma_stack_rising,"ma_stack_rising,above_rising_20sma,momentum_roc10>5,hh_hl_uptrend,strong_close,rs_beats_nifty"
May,BLUEJET,2026-05-27,2026-06-11,10,6.0,ma_stack_rising,"ma_stack_rising,above_rising_20sma,momentum_roc10>5,hh_hl_uptrend,rs_beats_nifty"
May,CEATLTD,2026-05-12,2026-05-25,9,6.0,NO_NEWS_FOUND,
May,COHANCE,2026-05-05,2026-05-06,1,6.0,ma_stack_rising,"ma_stack_rising,above_rising_20sma,momentum_roc10>5,hh_hl_uptrend,rs_beats_nifty"
May,ELGIEQUIP,2026-05-21,2026-06-03,8,6.0,ma_stack_rising,"ma_stack_rising,near_20d_high,hh_hl_uptrend,rs_beats_nifty"
May,JPPOWER,2026-05-11,2026-05-15,4,6.0,ma_stack_rising,ma_stack_rising
May,NATIONALUM,2026-05-11,2026-05-14,3,6.0,TECHNICAL:near_ma_ambiguous,
May,PERSISTENT,2026-05-27,2026-06-01,2,6.0,above_rising_20sma,"above_rising_20sma,momentum_roc10>5,hh_hl_uptrend,rs_beats_nifty"
May,RBLBANK,2026-05-29,2026-06-12,10,6.0,ma_stack_rising,"ma_stack_rising,above_rising_20sma,hh_hl_uptrend,rs_beats_nifty"
May,RRKABEL,2026-05-11,2026-05-14,3,6.0,ma_stack_rising,"ma_stack_rising,above_rising_20sma,momentum_roc10>5,hh_hl_uptrend,rs_beats_nifty"
May,VBL,2026-05-08,2026-05-22,10,6.0,ma_stack_rising,"ma_stack_rising,above_rising_20sma,momentum_roc10>5,hh_hl_uptrend,rs_beats_nifty"
May,ACMESOLAR,2026-05-12,2026-05-25,9,5.9,TECHNICAL:near_ma_ambiguous,
May,AJANTPHARM,2026-05-07,2026-05-14,5,5.9,ma_stack_rising,"ma_stack_rising,near_20d_high,above_rising_20sma,momentum_roc10>5,hh_hl_uptrend,rs_beats_nifty,stage2_breakout"
May,ATHERENERG,2026-05-18,2026-05-29,8,5.9,ma_stack_rising,ma_stack_rising
May,CRAFTSMAN,2026-05-14,2026-05-29,10,5.9,ma_stack_rising,"ma_stack_rising,above_rising_20sma,momentum_roc10>5,hh_hl_uptrend,rs_beats_nifty"
May,ECLERX,2026-05-07,2026-05-11,2,5.9,above_rising_20sma,"above_rising_20sma,momentum_roc10>5,hh_hl_uptrend,rs_beats_nifty"
May,GRAPHITE,2026-05-11,2026-05-15,4,5.9,ma_stack_rising,"ma_stack_rising,above_rising_20sma,hh_hl_uptrend,rs_beats_nifty"
May,HBLENGINE,2026-05-15,2026-05-27,8,5.9,NO_NEWS_FOUND,
May,IGIL,2026-05-08,2026-05-21,9,5.9,ma_stack_rising,ma_stack_rising
May,IGL,2026-05-12,2026-05-26,10,5.9,NEWS:earnings/results,
May,IPCALAB,2026-05-29,2026-06-04,4,5.9,volume_thrust_2x,volume_thrust_2x
May,JSWENERGY,2026-05-12,2026-05-21,7,5.9,volume_thrust_2x,"volume_thrust_2x,ma_stack_rising"
May,KIMS,2026-05-25,2026-06-08,9,5.9,ma_stack_rising,"ma_stack_rising,above_rising_20sma"
May,MOTILALOFS,2026-05-13,2026-05-27,10,5.9,ma_stack_rising,"ma_stack_rising,above_rising_20sma,momentum_roc10>5,rs_beats_nifty"
May,MRPL,2026-05-19,2026-06-03,10,5.9,NO_NEWS_FOUND,
May,SAIL,2026-05-15,2026-05-26,7,5.9,ma_stack_rising,"ma_stack_rising,above_rising_20sma,hh_hl_uptrend,rs_beats_nifty"
May,SARDAEN,2026-05-18,2026-05-22,4,5.9,strong_close,strong_close
May,SCI,2026-05-12,2026-05-18,4,5.9,ma_stack_rising,"ma_stack_rising,above_rising_20sma,momentum_roc10>5,hh_hl_uptrend,rs_beats_nifty"
May,SOLARINDS,2026-05-06,2026-05-14,6,5.9,ma_stack_rising,"ma_stack_rising,above_rising_20sma,momentum_roc10>5,hh_hl_uptrend,rs_beats_nifty"
May,SUZLON,2026-05-12,2026-05-26,10,5.9,ma_stack_rising,ma_stack_rising
May,TATACOMM,2026-05-21,2026-05-26,3,5.9,volume_thrust_2x,"volume_thrust_2x,ma_stack_rising,pullback_in_uptrend,near_20d_high,above_rising_20sma,momentum_roc10>5,hh_hl_uptrend,strong_close,rs_beats_nifty"
May,UNITDSPR,2026-05-12,2026-05-15,3,5.9,NEWS:earnings/results,
May,UNOMINDA,2026-05-18,2026-05-27,7,5.9,volume_thrust_2x,volume_thrust_2x
May,ABB,2026-05-11,2026-05-25,10,5.8,volume_thrust_2x,volume_thrust_2x
May,ABDL,2026-05-18,2026-05-29,8,5.8,ma_stack_rising,"ma_stack_rising,rs_beats_nifty"
May,APARINDS,2026-05-29,2026-06-05,5,5.8,volume_thrust_2x,"volume_thrust_2x,ma_stack_rising,above_rising_20sma,hh_hl_uptrend,rs_beats_nifty"
May,ASTERDM,2026-05-25,2026-06-09,10,5.8,ma_stack_rising,"ma_stack_rising,above_rising_20sma,hh_hl_uptrend,rs_beats_nifty"
May,BAYERCROP,2026-05-14,2026-05-27,9,5.8,NEWS:earnings/results,
May,ENGINERSIN,2026-05-22,2026-05-25,1,5.8,volume_thrust_2x,volume_thrust_2x
May,EXIDEIND,2026-05-12,2026-05-26,10,5.8,ma_stack_rising,"ma_stack_rising,rs_beats_nifty"
May,IDBI,2026-05-18,2026-05-19,1,5.8,TECHNICAL:deep_oversold_bounce,
May,MCX,2026-05-12,2026-05-14,2,5.8,ma_stack_rising,"ma_stack_rising,above_rising_20sma,momentum_roc10>5,hh_hl_uptrend,rs_beats_nifty"
May,OFSS,2026-05-21,2026-05-27,4,5.8,ma_stack_rising,"ma_stack_rising,above_rising_20sma,hh_hl_uptrend,rs_beats_nifty"
May,ONGC,2026-05-06,2026-05-13,5,5.8,ma_stack_rising,"ma_stack_rising,rs_beats_nifty"
May,RAINBOW,2026-05-12,2026-05-15,3,5.8,ma_stack_rising,"ma_stack_rising,hh_hl_uptrend,rs_beats_nifty"
May,SAILIFE,2026-05-06,2026-05-20,10,5.8,ma_stack_rising,"ma_stack_rising,above_rising_20sma,momentum_roc10>5,hh_hl_uptrend,rs_beats_nifty"
May,SCI,2026-05-05,2026-05-08,3,5.8,ma_stack_rising,"ma_stack_rising,near_20d_high,above_rising_20sma,momentum_roc10>5,hh_hl_uptrend,rs_beats_nifty"
May,SIEMENS,2026-05-25,2026-05-27,2,5.8,ma_stack_rising,"ma_stack_rising,hh_hl_uptrend,rs_beats_nifty"
May,SYRMA,2026-05-14,2026-05-29,10,5.8,ma_stack_rising,"ma_stack_rising,above_rising_20sma,momentum_roc10>5,strong_close,rs_beats_nifty"
May,TITAGARH,2026-05-26,2026-06-04,6,5.8,ma_stack_rising,"ma_stack_rising,above_rising_20sma,momentum_roc10>5,hh_hl_uptrend,rs_beats_nifty"
May,VOLTAS,2026-05-15,2026-05-19,2,5.8,volume_thrust_2x,volume_thrust_2x
May,ADANIGREEN,2026-05-15,2026-05-26,7,5.7,ma_stack_rising,"ma_stack_rising,above_rising_20sma,momentum_roc10>5,hh_hl_uptrend,rs_beats_nifty"
May,AIIL,2026-05-12,2026-05-14,2,5.7,above_rising_20sma,"above_rising_20sma,rs_beats_nifty"
May,APTUS,2026-05-19,2026-05-20,1,5.7,ma_stack_rising,"ma_stack_rising,rs_beats_nifty"
May,BOSCHLTD,2026-05-21,2026-06-02,7,5.7,volume_thrust_2x,"volume_thrust_2x,ma_stack_rising"
May,DATAPATTNS,2026-05-15,2026-05-25,6,5.7,volume_thrust_2x,"volume_thrust_2x,ma_stack_rising"
May,FIRSTCRY,2026-05-15,2026-05-26,7,5.7,NEWS:m&a/stake/block_deal,
May,GODREJIND,2026-05-12,2026-05-14,2,5.7,ma_stack_rising,"ma_stack_rising,above_rising_20sma,momentum_roc10>5,hh_hl_uptrend,rs_beats_nifty"
May,IDFCFIRSTB,2026-05-15,2026-05-27,8,5.7,NEWS:earnings/results,
May,JSWINFRA,2026-05-29,2026-06-12,10,5.7,ma_stack_rising,"ma_stack_rising,hh_hl_uptrend,rs_beats_nifty"
May,LLOYDSME,2026-05-12,2026-05-25,9,5.7,ma_stack_rising,"ma_stack_rising,above_rising_20sma,rs_beats_nifty"
May,LODHA,2026-05-13,2026-05-27,10,5.7,rs_beats_nifty,rs_beats_nifty
May,NMDC,2026-05-18,2026-06-02,10,5.7,ma_stack_rising,"ma_stack_rising,above_rising_20sma,hh_hl_uptrend,strong_close,rs_beats_nifty"
May,NSLNISP,2026-05-12,2026-05-13,1,5.7,ma_stack_rising,"ma_stack_rising,rs_beats_nifty"
May,PINELABS,2026-05-26,2026-05-27,1,5.7,volume_thrust_2x,"volume_thrust_2x,gap_up"
May,SHYAMMETL,2026-05-07,2026-05-21,10,5.7,ma_stack_rising,"ma_stack_rising,above_rising_20sma,momentum_roc10>5,hh_hl_uptrend,rs_beats_nifty,stage2_breakout"
May,SHYAMMETL,2026-05-22,2026-06-04,8,5.7,ma_stack_rising,"ma_stack_rising,pullback_in_uptrend,near_20d_high,above_rising_20sma,hh_hl_uptrend,strong_close,rs_beats_nifty"
May,SIEMENS,2026-05-11,2026-05-22,9,5.7,ma_stack_rising,ma_stack_rising
May,TATAELXSI,2026-05-29,2026-06-02,2,5.7,above_rising_20sma,"above_rising_20sma,momentum_roc10>5,hh_hl_uptrend,rs_beats_nifty"
May,VTL,2026-05-08,2026-05-12,2,5.7,ma_stack_rising,"ma_stack_rising,rs_beats_nifty"
May,BANDHANBNK,2026-05-13,2026-05-27,10,5.6,ma_stack_rising,"ma_stack_rising,above_rising_20sma,momentum_roc10>5,rs_beats_nifty"
May,BANKINDIA,2026-05-18,2026-05-25,5,5.6,rs_beats_nifty,rs_beats_nifty
May,BSOFT,2026-05-14,2026-05-22,6,5.6,TECHNICAL:deep_oversold_bounce,
May,CEMPRO,2026-05-12,2026-05-26,10,5.6,ma_stack_rising,"ma_stack_rising,above_rising_20sma,momentum_roc10>5,rs_beats_nifty"
May,EMMVEE,2026-05-26,2026-05-27,1,5.6,ma_stack_rising,"ma_stack_rising,pullback_in_uptrend,near_20d_high,above_rising_20sma,momentum_roc10>5,hh_hl_uptrend,rs_beats_nifty"
May,EMMVEE,2026-05-29,2026-06-12,10,5.6,volume_thrust_2x,"volume_thrust_2x,ma_stack_rising,pullback_in_uptrend,near_20d_high,above_rising_20sma,momentum_roc10>5,hh_hl_uptrend,strong_close,rs_beats_nifty"
May,FACT,2026-05-13,2026-05-27,10,5.6,ma_stack_rising,"ma_stack_rising,pullback_in_uptrend,strong_close"
May,GLENMARK,2026-05-22,2026-05-27,3,5.6,volume_thrust_2x,"volume_thrust_2x,ma_stack_rising"
May,GMRAIRPORT,2026-05-18,2026-05-29,8,5.6,strong_close,strong_close
May,GRANULES,2026-05-22,2026-06-03,7,5.6,ma_stack_rising,"ma_stack_rising,above_rising_20sma,rs_beats_nifty"
May,GVT&D,2026-05-11,2026-05-20,7,5.6,ma_stack_rising,"ma_stack_rising,above_rising_20sma"
May,HFCL,2026-05-29,2026-06-02,2,5.6,ma_stack_rising,"ma_stack_rising,near_20d_high,above_rising_20sma,momentum_roc10>5,hh_hl_uptrend,rs_beats_nifty"
May,INDIGO,2026-05-12,2026-05-22,8,5.6,NO_NEWS_FOUND,
May,KFINTECH,2026-05-04,2026-05-06,2,5.6,NEWS:earnings/results,
May,LAURUSLABS,2026-05-21,2026-06-04,9,5.6,ma_stack_rising,"ma_stack_rising,near_20d_high,above_rising_20sma,momentum_roc10>5,hh_hl_uptrend,rs_beats_nifty"
May,NBCC,2026-05-15,2026-05-27,8,5.6,ma_stack_rising,"ma_stack_rising,hh_hl_uptrend,rs_beats_nifty"
May,PAGEIND,2026-05-08,2026-05-22,10,5.6,ma_stack_rising,"ma_stack_rising,pullback_in_uptrend,above_rising_20sma,strong_close"
May,PARADEEP,2026-05-15,2026-05-22,5,5.6,NEWS:earnings/results,
May,POLYMED,2026-05-27,2026-06-04,5,5.6,volume_thrust_2x,volume_thrust_2x
May,RBLBANK,2026-05-12,2026-05-25,9,5.6,ma_stack_rising,"ma_stack_rising,rs_beats_nifty"
May,RHIM,2026-05-13,2026-05-27,10,5.6,strong_close,strong_close
May,RPOWER,2026-05-22,2026-06-05,9,5.6,TECHNICAL:near_ma_ambiguous,
May,SAILIFE,2026-05-22,2026-05-25,1,5.6,ma_stack_rising,"ma_stack_rising,above_rising_20sma,rs_beats_nifty"
May,SCHAEFFLER,2026-05-18,2026-05-26,6,5.6,strong_close,strong_close
May,TATAELXSI,2026-05-12,2026-05-22,8,5.6,rs_beats_nifty,rs_beats_nifty
May,ACC,2026-05-20,2026-05-27,5,5.5,strong_close,strong_close
May,ACUTAAS,2026-05-27,2026-06-04,5,5.5,ma_stack_rising,"ma_stack_rising,above_rising_20sma,momentum_roc10>5,hh_hl_uptrend,rs_beats_nifty"
May,AUBANK,2026-05-21,2026-05-26,3,5.5,TECHNICAL:near_ma_ambiguous,
May,BBTC,2026-05-12,2026-05-25,9,5.5,NO_NEWS_FOUND,
May,BERGEPAINT,2026-05-21,2026-05-27,4,5.5,ma_stack_rising,"ma_stack_rising,above_rising_20sma,rs_beats_nifty"
May,BHEL,2026-05-12,2026-05-14,2,5.5,ma_stack_rising,"ma_stack_rising,above_rising_20sma,momentum_roc10>5,hh_hl_uptrend,rs_beats_nifty"
May,BSE,2026-05-08,2026-05-18,6,5.5,volume_thrust_2x,"volume_thrust_2x,ma_stack_rising,above_rising_20sma,momentum_roc10>5,hh_hl_uptrend,rs_beats_nifty"
May,CARBORUNIV,2026-05-05,2026-05-08,3,5.5,ma_stack_rising,"ma_stack_rising,near_20d_high,above_rising_20sma,hh_hl_uptrend,rs_beats_nifty"
May,CGPOWER,2026-05-12,2026-05-26,10,5.5,ma_stack_rising,"ma_stack_rising,above_rising_20sma,hh_hl_uptrend,rs_beats_nifty"
May,CHALET,2026-05-12,2026-05-19,5,5.5,NEWS:earnings/results,
May,CIPLA,2026-05-07,2026-05-14,5,5.5,near_20d_high,"near_20d_high,above_rising_20sma,momentum_roc10>5,hh_hl_uptrend,rs_beats_nifty"
May,COCHINSHIP,2026-05-04,2026-05-07,3,5.5,ma_stack_rising,"ma_stack_rising,above_rising_20sma,momentum_roc10>5,hh_hl_uptrend,rs_beats_nifty"
May,CPPLUS,2026-05-12,2026-05-26,10,5.5,ma_stack_rising,"ma_stack_rising,above_rising_20sma,momentum_roc10>5,hh_hl_uptrend,rs_beats_nifty"
May,DALBHARAT,2026-05-15,2026-05-25,6,5.5,NEWS:litigation/penalty,
May,INDUSTOWER,2026-05-04,2026-05-14,8,5.5,NEWS:earnings/results,
May,MANAPPURAM,2026-05-11,2026-05-21,8,5.5,ma_stack_rising,"ma_stack_rising,above_rising_20sma,momentum_roc10>5,hh_hl_uptrend,rs_beats_nifty"
May,MPHASIS,2026-05-12,2026-05-26,10,5.5,NO_NEWS_FOUND,
May,POWERINDIA,2026-05-21,2026-05-29,5,5.5,ma_stack_rising,"ma_stack_rising,pullback_in_uptrend,near_20d_high,above_rising_20sma,hh_hl_uptrend,rs_beats_nifty"
May,SBIN,2026-05-29,2026-06-12,10,5.5,NEWS:earnings/results,
May,SUPREMEIND,2026-05-19,2026-05-27,6,5.5,NO_NEWS_FOUND,
May,TATACAP,2026-05-20,2026-05-26,4,5.5,NEWS:analyst/rating,
May,TATACAP,2026-05-29,2026-06-09,7,5.5,NO_NEWS_FOUND,
May,ACUTAAS,2026-05-20,2026-05-26,4,5.4,ma_stack_rising,"ma_stack_rising,pullback_in_uptrend,near_20d_high,above_rising_20sma,momentum_roc10>5,hh_hl_uptrend,rs_beats_nifty"
May,AMBER,2026-05-18,2026-05-21,3,5.4,volume_thrust_2x,"volume_thrust_2x,ma_stack_rising"
May,APLAPOLLO,2026-05-04,2026-05-07,3,5.4,volume_thrust_2x,volume_thrust_2x
May,ASIANPAINT,2026-05-12,2026-05-22,8,5.4,ma_stack_rising,"ma_stack_rising,above_rising_20sma,hh_hl_uptrend,rs_beats_nifty"
May,AXISBANK,2026-05-29,2026-06-12,10,5.4,volume_thrust_2x,"volume_thrust_2x,hh_hl_uptrend,rs_beats_nifty"
May,BAJAJHLDNG,2026-05-12,2026-05-25,9,5.4,ma_stack_rising,"ma_stack_rising,rs_beats_nifty"
May,BELRISE,2026-05-12,2026-05-22,8,5.4,ma_stack_rising,ma_stack_rising
May,BHARATFORG,2026-05-19,2026-05-29,7,5.4,ma_stack_rising,"ma_stack_rising,rs_beats_nifty"
May,CHAMBLFERT,2026-05-12,2026-05-18,4,5.4,ma_stack_rising,"ma_stack_rising,rs_beats_nifty"
May,CHAMBLFERT,2026-05-19,2026-05-26,5,5.4,near_20d_high,"near_20d_high,hh_hl_uptrend,rs_beats_nifty,stage2_breakout"
May,ENRIN,2026-05-21,2026-05-27,4,5.4,volume_thrust_2x,"volume_thrust_2x,ma_stack_rising,pullback_in_uptrend,near_20d_high,above_rising_20sma,momentum_roc10>5,hh_hl_uptrend,rs_beats_nifty"
May,GALLANTT,2026-05-06,2026-05-11,3,5.4,ma_stack_rising,"ma_stack_rising,above_rising_20sma"
May,HSCL,2026-05-18,2026-05-20,2,5.4,ma_stack_rising,ma_stack_rising
May,HYUNDAI,2026-05-15,2026-05-29,9,5.4,hh_hl_uptrend,"hh_hl_uptrend,rs_beats_nifty"
May,IRB,2026-05-07,2026-05-21,10,5.4,ma_stack_rising,ma_stack_rising
May,KALYANKJIL,2026-05-20,2026-06-04,10,5.4,strong_close,strong_close
May,KIMS,2026-05-18,2026-05-20,2,5.4,ma_stack_rising,"ma_stack_rising,above_rising_20sma,hh_hl_uptrend,rs_beats_nifty"
May,KOTAKBANK,2026-05-04,2026-05-18,10,5.4,volume_thrust_2x,volume_thrust_2x
May,KPITTECH,2026-05-12,2026-05-20,6,5.4,TECHNICAL:deep_oversold_bounce,
May,MGL,2026-05-13,2026-05-27,10,5.4,NEWS:earnings/results,
May,PERSISTENT,2026-05-13,2026-05-26,9,5.4,rs_beats_nifty,rs_beats_nifty
May,PINELABS,2026-05-29,2026-06-09,7,5.4,volume_thrust_2x,volume_thrust_2x
May,SONATSOFTW,2026-05-18,2026-05-25,5,5.4,strong_close,"strong_close,rs_beats_nifty"
May,SUMICHEM,2026-05-12,2026-05-19,5,5.4,ma_stack_rising,"ma_stack_rising,rs_beats_nifty"
May,SUNTV,2026-05-22,2026-05-27,3,5.4,volume_thrust_2x,volume_thrust_2x
May,TRAVELFOOD,2026-05-12,2026-05-26,10,5.4,NO_NEWS_FOUND,
May,TVSMOTOR,2026-05-18,2026-05-25,5,5.4,volume_thrust_2x,volume_thrust_2x
May,WELSPUNLIV,2026-05-12,2026-05-20,6,5.4,ma_stack_rising,"ma_stack_rising,above_rising_20sma,hh_hl_uptrend,rs_beats_nifty"
May,ZEEL,2026-05-15,2026-05-29,9,5.4,ma_stack_rising,ma_stack_rising
May,ACUTAAS,2026-05-12,2026-05-19,5,5.3,ma_stack_rising,"ma_stack_rising,above_rising_20sma,momentum_roc10>5,hh_hl_uptrend,rs_beats_nifty"
May,AMBUJACEM,2026-05-12,2026-05-26,10,5.3,NEWS:earnings/results,
May,ANANTRAJ,2026-05-15,2026-05-29,9,5.3,hh_hl_uptrend,"hh_hl_uptrend,rs_beats_nifty"
May,ASAHIINDIA,2026-05-12,2026-05-22,8,5.3,NEWS:management/leadership,
May,AXISBANK,2026-05-15,2026-05-25,6,5.3,SECTOR_PEER_MOVE,
May,BAJAJ-AUTO,2026-05-13,2026-05-27,10,5.3,ma_stack_rising,"ma_stack_rising,above_rising_20sma,momentum_roc10>5,hh_hl_uptrend,rs_beats_nifty"
May,BHEL,2026-05-15,2026-05-25,6,5.3,ma_stack_rising,"ma_stack_rising,above_rising_20sma,momentum_roc10>5,hh_hl_uptrend,rs_beats_nifty"
May,BIOCON,2026-05-07,2026-05-12,3,5.3,near_20d_high,"near_20d_high,above_rising_20sma,momentum_roc10>5,hh_hl_uptrend,rs_beats_nifty"
May,CHOLAFIN,2026-05-19,2026-05-25,4,5.3,NO_NEWS_FOUND,
May,CUB,2026-05-29,2026-06-12,10,5.3,hh_hl_uptrend,"hh_hl_uptrend,rs_beats_nifty"
May,CYIENT,2026-05-14,2026-05-25,7,5.3,rs_beats_nifty,rs_beats_nifty
May,ELECON,2026-05-29,2026-06-12,10,5.3,ma_stack_rising,"ma_stack_rising,hh_hl_uptrend,rs_beats_nifty"
May,GABRIEL,2026-05-18,2026-05-22,4,5.3,ma_stack_rising,"ma_stack_rising,above_rising_20sma,rs_beats_nifty"
May,HCLTECH,2026-05-14,2026-05-29,10,5.3,TECHNICAL:deep_oversold_bounce,
May,HEG,2026-05-06,2026-05-15,7,5.3,ma_stack_rising,ma_stack_rising
May,HEXT,2026-05-13,2026-05-22,7,5.3,above_rising_20sma,"above_rising_20sma,momentum_roc10>5,hh_hl_uptrend,rs_beats_nifty"
May,ICICIAMC,2026-05-26,2026-05-29,2,5.3,ma_stack_rising,"ma_stack_rising,pullback_in_uptrend,near_20d_high,momentum_roc10>5,hh_hl_uptrend,rs_beats_nifty"
May,ICICIGI,2026-05-04,2026-05-07,3,5.3,NO_NEWS_FOUND,
May,KARURVYSYA,2026-05-12,2026-05-15,3,5.3,ma_stack_rising,ma_stack_rising
May,KEI,2026-05-12,2026-05-22,8,5.3,ma_stack_rising,"ma_stack_rising,above_rising_20sma,hh_hl_uptrend,rs_beats_nifty"
May,LATENTVIEW,2026-05-11,2026-05-19,6,5.3,above_rising_20sma,"above_rising_20sma,momentum_roc10>5,hh_hl_uptrend,rs_beats_nifty"
May,MEESHO,2026-05-12,2026-05-13,1,5.3,ma_stack_rising,"ma_stack_rising,above_rising_20sma,rs_beats_nifty"
May,MRPL,2026-05-04,2026-05-08,4,5.3,NEWS:earnings/results,
May,MUTHOOTFIN,2026-05-12,2026-05-14,2,5.3,NEWS:earnings/results,
May,NAUKRI,2026-05-12,2026-05-26,10,5.3,TECHNICAL:deep_oversold_bounce,
May,NAVINFLUOR,2026-05-11,2026-05-25,10,5.3,ma_stack_rising,"ma_stack_rising,above_rising_20sma,momentum_roc10>5,hh_hl_uptrend,strong_close,rs_beats_nifty"
May,NEULANDLAB,2026-05-18,2026-06-01,9,5.3,ma_stack_rising,"ma_stack_rising,above_rising_20sma,hh_hl_uptrend,rs_beats_nifty"
May,NIACL,2026-05-12,2026-05-13,1,5.3,ma_stack_rising,ma_stack_rising
May,NYKAA,2026-05-12,2026-05-21,7,5.3,ma_stack_rising,ma_stack_rising
May,OBEROIRLTY,2026-05-12,2026-05-25,9,5.3,TECHNICAL:near_ma_ambiguous,
May,PCBL,2026-05-12,2026-05-20,6,5.3,ma_stack_rising,ma_stack_rising
May,SONACOMS,2026-05-14,2026-05-27,9,5.3,ma_stack_rising,"ma_stack_rising,above_rising_20sma"
May,SPLPETRO,2026-05-26,2026-06-03,5,5.3,NO_NEWS_FOUND,
May,SWANCORP,2026-05-18,2026-05-29,8,5.3,TECHNICAL:deep_oversold_bounce,
May,TARIL,2026-05-12,2026-05-25,9,5.3,NO_NEWS_FOUND,
May,TATAPOWER,2026-05-13,2026-05-27,10,5.3,volume_thrust_2x,volume_thrust_2x
May,TECHM,2026-05-12,2026-05-19,5,5.3,rs_beats_nifty,rs_beats_nifty
May,TEJASNET,2026-05-27,2026-05-29,1,5.3,ma_stack_rising,"ma_stack_rising,above_rising_20sma,momentum_roc10>5,hh_hl_uptrend,rs_beats_nifty"
May,TRAVELFOOD,2026-05-27,2026-06-04,5,5.3,momentum_roc10>5,"momentum_roc10>5,hh_hl_uptrend,rs_beats_nifty"
May,URBANCO,2026-05-29,2026-06-12,10,5.3,NEWS:analyst/rating,
May,3MINDIA,2026-05-11,2026-05-22,9,5.2,NO_NEWS_FOUND,
May,ABSLAMC,2026-05-22,2026-05-29,4,5.2,NEWS:management/leadership,
May,ACE,2026-05-29,2026-06-12,10,5.2,rs_beats_nifty,rs_beats_nifty
May,AEGISVOPAK,2026-05-13,2026-05-22,7,5.2,rs_beats_nifty,rs_beats_nifty
May,ASHOKLEY,2026-05-12,2026-05-25,9,5.2,NEWS:earnings/results,
May,ATGL,2026-05-11,2026-05-22,9,5.2,ma_stack_rising,ma_stack_rising
May,BANKBARODA,2026-05-29,2026-06-09,7,5.2,hh_hl_uptrend,"hh_hl_uptrend,rs_beats_nifty"
May,BANKINDIA,2026-05-26,2026-06-09,9,5.2,hh_hl_uptrend,"hh_hl_uptrend,rs_beats_nifty"
May,BPCL,2026-05-05,2026-05-06,1,5.2,strong_close,strong_close
May,CESC,2026-05-18,2026-05-25,5,5.2,ma_stack_rising,ma_stack_rising
May,DOMS,2026-05-14,2026-05-19,3,5.2,NO_NEWS_FOUND,
May,DRREDDY,2026-05-05,2026-05-15,8,5.2,ma_stack_rising,"ma_stack_rising,above_rising_20sma,rs_beats_nifty,stage2_breakout"
May,EMCURE,2026-05-07,2026-05-21,10,5.2,ma_stack_rising,"ma_stack_rising,above_rising_20sma,hh_hl_uptrend,rs_beats_nifty"
May,ERIS,2026-05-08,2026-05-20,8,5.2,above_rising_20sma,above_rising_20sma
May,ETERNAL,2026-05-13,2026-05-26,9,5.2,NEWS:earnings/results,
May,FORCEMOT,2026-05-19,2026-05-25,4,5.2,rs_beats_nifty,rs_beats_nifty
May,GAIL,2026-05-12,2026-05-25,9,5.2,ma_stack_rising,ma_stack_rising
May,GILLETTE,2026-05-14,2026-05-27,9,5.2,NEWS:earnings/results,
May,HFCL,2026-05-08,2026-05-11,1,5.2,ma_stack_rising,"ma_stack_rising,above_rising_20sma,momentum_roc10>5,hh_hl_uptrend,rs_beats_nifty"
May,HONAUT,2026-05-25,2026-05-27,2,5.2,ma_stack_rising,"ma_stack_rising,above_rising_20sma,momentum_roc10>5,hh_hl_uptrend,rs_beats_nifty"
May,INDUSINDBK,2026-05-15,2026-05-26,7,5.2,ma_stack_rising,ma_stack_rising
May,JINDALSAW,2026-05-13,2026-05-27,10,5.2,ma_stack_rising,"ma_stack_rising,pullback_in_uptrend"
May,JINDALSAW,2026-05-29,2026-06-04,4,5.2,ma_stack_rising,"ma_stack_rising,near_20d_high,momentum_roc10>5,hh_hl_uptrend,rs_beats_nifty"
May,KAJARIACER,2026-05-18,2026-06-01,9,5.2,NEWS:corp_action,
May,KPIL,2026-05-12,2026-05-26,10,5.2,ma_stack_rising,"ma_stack_rising,rs_beats_nifty"
May,MANKIND,2026-05-12,2026-05-15,3,5.2,ma_stack_rising,"ma_stack_rising,above_rising_20sma,hh_hl_uptrend,rs_beats_nifty"
May,NAM-INDIA,2026-05-12,2026-05-14,2,5.2,ma_stack_rising,"ma_stack_rising,above_rising_20sma,hh_hl_uptrend,rs_beats_nifty"
May,NUVAMA,2026-05-14,2026-05-29,10,5.2,ma_stack_rising,"ma_stack_rising,above_rising_20sma,momentum_roc10>5,hh_hl_uptrend,rs_beats_nifty"
May,OLAELEC,2026-05-12,2026-05-20,6,5.2,ma_stack_rising,ma_stack_rising
May,PGEL,2026-05-18,2026-05-29,8,5.2,TECHNICAL:deep_oversold_bounce,
May,PREMIERENE,2026-05-12,2026-05-26,10,5.2,ma_stack_rising,ma_stack_rising
May,RRKABEL,2026-05-15,2026-05-29,9,5.2,ma_stack_rising,"ma_stack_rising,above_rising_20sma,momentum_roc10>5,hh_hl_uptrend,rs_beats_nifty"
May,SHRIRAMFIN,2026-05-21,2026-05-25,2,5.2,SECTOR_PEER_MOVE,
May,SOLARINDS,2026-05-15,2026-05-20,3,5.2,volume_thrust_2x,"volume_thrust_2x,ma_stack_rising,pullback_in_uptrend,near_20d_high,above_rising_20sma,momentum_roc10>5,hh_hl_uptrend,strong_close,rs_beats_nifty"
May,SRF,2026-05-20,2026-05-26,4,5.2,ma_stack_rising,"ma_stack_rising,strong_close"
May,STARHEALTH,2026-05-15,2026-05-29,9,5.2,ma_stack_rising,ma_stack_rising
May,WAAREEENER,2026-05-25,2026-05-29,3,5.2,TECHNICAL:near_ma_ambiguous,
May,WELCORP,2026-05-15,2026-05-29,9,5.2,ma_stack_rising,"ma_stack_rising,above_rising_20sma,hh_hl_uptrend,rs_beats_nifty"
May,WIPRO,2026-05-11,2026-05-25,10,5.2,NEWS:litigation/penalty,
May,ZEEL,2026-05-12,2026-05-14,2,5.2,ma_stack_rising,ma_stack_rising
May,ADANIPOWER,2026-05-11,2026-05-25,10,5.1,ma_stack_rising,"ma_stack_rising,above_rising_20sma,rs_beats_nifty"
May,BAJFINANCE,2026-05-13,2026-05-25,8,5.1,ma_stack_rising,ma_stack_rising
May,BALKRISIND,2026-05-12,2026-05-25,9,5.1,NEWS:earnings/results,
May,BIKAJI,2026-05-27,2026-06-10,9,5.1,TECHNICAL:near_ma_ambiguous,
May,BSE,2026-05-19,2026-05-26,5,5.1,ma_stack_rising,"ma_stack_rising,near_20d_high,above_rising_20sma,momentum_roc10>5,hh_hl_uptrend,rs_beats_nifty"
May,CANBK,2026-05-29,2026-06-09,7,5.1,volume_thrust_2x,"volume_thrust_2x,rs_beats_nifty"
May,CHALET,2026-05-05,2026-05-06,1,5.1,NO_NEWS_FOUND,
May,CHOICEIN,2026-05-18,2026-05-25,5,5.1,NEWS:earnings/results,
May,CONCORDBIO,2026-05-19,2026-06-03,10,5.1,above_rising_20sma,"above_rising_20sma,strong_close"
May,EXIDEIND,2026-05-29,2026-06-02,2,5.1,ma_stack_rising,"ma_stack_rising,above_rising_20sma,momentum_roc10>5,hh_hl_uptrend,rs_beats_nifty"
May,GRANULES,2026-05-12,2026-05-19,5,5.1,ma_stack_rising,"ma_stack_rising,above_rising_20sma,hh_hl_uptrend,rs_beats_nifty"
May,HDFCAMC,2026-05-18,2026-05-25,5,5.1,TECHNICAL:near_ma_ambiguous,
May,HOMEFIRST,2026-05-22,2026-05-27,3,5.1,NO_NEWS_FOUND,
May,IIFL,2026-05-05,2026-05-07,2,5.1,TECHNICAL:deep_oversold_bounce,
May,IREDA,2026-05-20,2026-05-29,6,5.1,NEWS:litigation/penalty,
May,JUBLINGREA,2026-05-12,2026-05-21,7,5.1,ma_stack_rising,"ma_stack_rising,above_rising_20sma"
May,LAURUSLABS,2026-05-07,2026-05-12,3,5.1,ma_stack_rising,"ma_stack_rising,pullback_in_uptrend,near_20d_high,above_rising_20sma,momentum_roc10>5,hh_hl_uptrend,rs_beats_nifty"
May,LGEINDIA,2026-05-11,2026-05-14,3,5.1,TECHNICAL:near_ma_ambiguous,
May,LTM,2026-05-21,2026-06-02,7,5.1,TECHNICAL:deep_oversold_bounce,
May,MAHABANK,2026-05-27,2026-06-10,9,5.1,ma_stack_rising,"ma_stack_rising,hh_hl_uptrend,strong_close"
May,MFSL,2026-05-13,2026-05-22,7,5.1,rs_beats_nifty,rs_beats_nifty
May,MMTC,2026-05-18,2026-05-19,1,5.1,NEWS:management/leadership,
May,MOTHERSON,2026-05-11,2026-05-21,8,5.1,ma_stack_rising,"ma_stack_rising,above_rising_20sma,hh_hl_uptrend,rs_beats_nifty"
May,NEULANDLAB,2026-05-05,2026-05-06,1,5.1,ma_stack_rising,"ma_stack_rising,above_rising_20sma,momentum_roc10>5,hh_hl_uptrend,rs_beats_nifty"
May,NH,2026-05-12,2026-05-25,9,5.1,ma_stack_rising,"ma_stack_rising,above_rising_20sma,hh_hl_uptrend,rs_beats_nifty"
May,NHPC,2026-05-15,2026-05-27,8,5.1,NEWS:earnings/results,
May,PHOENIXLTD,2026-05-19,2026-05-25,4,5.1,TECHNICAL:near_ma_ambiguous,
May,PIRAMALFIN,2026-05-15,2026-05-27,8,5.1,ma_stack_rising,"ma_stack_rising,above_rising_20sma"
May,POLYMED,2026-05-14,2026-05-22,6,5.1,ma_stack_rising,"ma_stack_rising,rs_beats_nifty"
May,SYRMA,2026-05-05,2026-05-11,4,5.1,base_breakout,"base_breakout,ma_stack_rising,pullback_in_uptrend,near_20d_high,above_rising_20sma,momentum_roc10>5,hh_hl_uptrend,strong_close,rs_beats_nifty"
May,ZFCVINDIA,2026-05-14,2026-05-21,5,5.1,volume_thrust_2x,"volume_thrust_2x,gap_up"
May,ABSLAMC,2026-05-18,2026-05-19,1,5.0,TECHNICAL:near_ma_ambiguous,
May,ACUTAAS,2026-05-04,2026-05-11,5,5.0,ma_stack_rising,"ma_stack_rising,near_20d_high,above_rising_20sma,momentum_roc10>5,hh_hl_uptrend,strong_close,rs_beats_nifty"
May,ADANIPORTS,2026-05-12,2026-05-14,2,5.0,ma_stack_rising,"ma_stack_rising,above_rising_20sma,rs_beats_nifty"
May,CDSL,2026-05-18,2026-05-27,7,5.0,strong_close,strong_close
May,COALINDIA,2026-05-20,2026-06-04,10,5.0,strong_close,"strong_close,rs_beats_nifty"
May,CUMMINSIND,2026-05-12,2026-05-26,10,5.0,ma_stack_rising,"ma_stack_rising,rs_beats_nifty"
May,FEDERALBNK,2026-05-19,2026-06-03,10,5.0,strong_close,strong_close
May,FLUOROCHEM,2026-05-12,2026-05-21,7,5.0,ma_stack_rising,"ma_stack_rising,above_rising_20sma,momentum_roc10>5,rs_beats_nifty"
May,GLAND,2026-05-20,2026-05-22,2,5.0,ma_stack_rising,"ma_stack_rising,above_rising_20sma,momentum_roc10>5,hh_hl_uptrend,rs_beats_nifty"
May,GODFRYPHLP,2026-05-12,2026-05-14,2,5.0,ma_stack_rising,"ma_stack_rising,above_rising_20sma,momentum_roc10>5,hh_hl_uptrend,rs_beats_nifty"
May,ICICIAMC,2026-05-12,2026-05-25,9,5.0,rs_beats_nifty,rs_beats_nifty
May,IDEA,2026-05-14,2026-05-21,5,5.0,ma_stack_rising,"ma_stack_rising,near_20d_high,above_rising_20sma,momentum_roc10>5,hh_hl_uptrend,strong_close,rs_beats_nifty,stage2_breakout"
May,IFCI,2026-05-14,2026-05-27,9,5.0,ma_stack_rising,"ma_stack_rising,above_rising_20sma,momentum_roc10>5,hh_hl_uptrend,strong_close,rs_beats_nifty"
May,IIFL,2026-05-26,2026-06-03,5,5.0,above_rising_20sma,"above_rising_20sma,momentum_roc10>5,hh_hl_uptrend,rs_beats_nifty"
May,IKS,2026-05-15,2026-05-29,9,5.0,ma_stack_rising,"ma_stack_rising,above_rising_20sma"
May,INDIANB,2026-05-29,2026-06-09,7,5.0,volume_thrust_2x,"volume_thrust_2x,hh_hl_uptrend,rs_beats_nifty"
May,JSWINFRA,2026-05-19,2026-05-27,6,5.0,NEWS:earnings/results,
May,LAURUSLABS,2026-05-13,2026-05-19,4,5.0,ma_stack_rising,"ma_stack_rising,near_20d_high,above_rising_20sma,momentum_roc10>5,hh_hl_uptrend,strong_close,rs_beats_nifty"
May,LENSKART,2026-05-08,2026-05-22,10,5.0,volume_thrust_2x,volume_thrust_2x
May,NSLNISP,2026-05-15,2026-05-27,8,5.0,ma_stack_rising,"ma_stack_rising,above_rising_20sma,hh_hl_uptrend,rs_beats_nifty"
May,OFSS,2026-05-11,2026-05-20,7,5.0,ma_stack_rising,"ma_stack_rising,above_rising_20sma,momentum_roc10>5,rs_beats_nifty"
May,REDINGTON,2026-05-12,2026-05-15,3,5.0,NEWS:earnings/results,
May,SAMMAANCAP,2026-05-25,2026-05-29,3,5.0,ma_stack_rising,"ma_stack_rising,pullback_in_uptrend,near_20d_high,above_rising_20sma,momentum_roc10>5,hh_hl_uptrend,strong_close,rs_beats_nifty,stage2_breakout"
May,TIMKEN,2026-05-13,2026-05-22,7,5.0,ma_stack_rising,"ma_stack_rising,above_rising_20sma,hh_hl_uptrend,rs_beats_nifty"
May,TMPV,2026-05-11,2026-05-22,9,5.0,ma_stack_rising,ma_stack_rising
May,USHAMART,2026-05-12,2026-05-26,10,5.0,ma_stack_rising,"ma_stack_rising,above_rising_20sma,rs_beats_nifty"
May,VTL,2026-05-25,2026-06-04,7,5.0,ma_stack_rising,ma_stack_rising
May,WELSPUNLIV,2026-05-25,2026-06-03,6,5.0,ma_stack_rising,"ma_stack_rising,above_rising_20sma,hh_hl_uptrend,rs_beats_nifty"
